Path,Class
090135.jpg,0
024856.jpg,0
163500.jpg,0
142025.jpg,0
183311.jpg,0
049337.jpg,0
031413.jpg,0
119206.jpg,0
041465.jpg,0
106285.jpg,0
074630.jpg,0
068120.jpg,0
180762.jpg,0
011619.jpg,0
046057.jpg,0
124300.jpg,0
099688.jpg,0
155172.jpg,0
085543.jpg,0
056815.jpg,0
130015.jpg,0
003155.jpg,0
133194.jpg,0
184557.jpg,0
079049.jpg,0
058420.jpg,0
145076.jpg,0
137843.jpg,0
191653.jpg,0
099776.jpg,0
169582.jpg,0
127381.jpg,0
079393.jpg,0
000904.jpg,0
010207.jpg,0
184380.jpg,0
031193.jpg,0
041228.jpg,0
178662.jpg,0
061749.jpg,0
145824.jpg,0
201469.jpg,0
026349.jpg,0
084720.jpg,0
025938.jpg,0
169529.jpg,0
196524.jpg,0
051952.jpg,0
143034.jpg,0
151663.jpg,0
043784.jpg,0
070101.jpg,0
200209.jpg,0
130952.jpg,0
114011.jpg,0
023275.jpg,0
120230.jpg,0
121097.jpg,0
163901.jpg,0
190531.jpg,0
168916.jpg,0
042651.jpg,0
083026.jpg,0
031568.jpg,0
115832.jpg,0
174844.jpg,0
035608.jpg,0
130020.jpg,0
100295.jpg,0
077775.jpg,0
100723.jpg,0
145073.jpg,0
078035.jpg,0
137512.jpg,0
064791.jpg,0
037911.jpg,0
125658.jpg,0
152268.jpg,0
092799.jpg,0
169981.jpg,0
127251.jpg,0
073567.jpg,0
000951.jpg,0
150744.jpg,0
061423.jpg,0
135568.jpg,0
068386.jpg,0
161167.jpg,0
133254.jpg,0
190094.jpg,0
027432.jpg,0
021247.jpg,0
168504.jpg,0
059928.jpg,0
143621.jpg,0
142208.jpg,0
012187.jpg,0
094476.jpg,0
136931.jpg,0
185713.jpg,0
134762.jpg,0
043380.jpg,0
198529.jpg,0
091727.jpg,0
006111.jpg,0
202189.jpg,0
139856.jpg,0
158546.jpg,0
082310.jpg,0
043725.jpg,0
196303.jpg,0
089561.jpg,0
162746.jpg,0
116185.jpg,0
176985.jpg,0
083028.jpg,0
151257.jpg,0
048509.jpg,0
090858.jpg,0
158955.jpg,0
005264.jpg,0
161415.jpg,0
087824.jpg,0
104334.jpg,0
098829.jpg,0
193484.jpg,0
171670.jpg,0
032482.jpg,0
178084.jpg,0
079502.jpg,0
195321.jpg,0
186901.jpg,0
128021.jpg,0
004191.jpg,0
045045.jpg,0
189219.jpg,0
103566.jpg,0
159130.jpg,0
147837.jpg,0
189249.jpg,0
011146.jpg,0
058045.jpg,0
059409.jpg,0
099173.jpg,0
195271.jpg,0
170096.jpg,0
132290.jpg,0
051916.jpg,0
037155.jpg,0
066614.jpg,0
043186.jpg,0
044151.jpg,0
195185.jpg,0
094471.jpg,0
118128.jpg,0
064525.jpg,0
034267.jpg,0
081547.jpg,0
155336.jpg,0
188403.jpg,0
131945.jpg,0
116153.jpg,0
083023.jpg,0
200714.jpg,0
024566.jpg,0
103141.jpg,0
014067.jpg,0
158962.jpg,0
123224.jpg,0
106183.jpg,0
129012.jpg,0
131210.jpg,0
037382.jpg,0
094833.jpg,0
159267.jpg,0
057445.jpg,0
031434.jpg,0
130738.jpg,0
000798.jpg,0
171643.jpg,0
061683.jpg,0
017952.jpg,0
126313.jpg,0
007703.jpg,0
186969.jpg,0
200532.jpg,0
063256.jpg,0
046510.jpg,0
030689.jpg,0
086043.jpg,0
144297.jpg,0
155454.jpg,0
120612.jpg,0
048260.jpg,0
179454.jpg,0
098023.jpg,0
047064.jpg,0
090972.jpg,0
196890.jpg,0
023415.jpg,0
181508.jpg,0
186942.jpg,0
126302.jpg,0
092977.jpg,0
196520.jpg,0
191177.jpg,0
194449.jpg,0
010667.jpg,0
032232.jpg,0
011321.jpg,0
172513.jpg,0
149474.jpg,0
054920.jpg,0
184274.jpg,0
130932.jpg,0
120521.jpg,0
011833.jpg,0
176500.jpg,0
024938.jpg,0
110250.jpg,0
078666.jpg,0
128012.jpg,0
065981.jpg,0
137284.jpg,0
151542.jpg,0
096934.jpg,0
187719.jpg,0
036264.jpg,0
145320.jpg,0
138740.jpg,0
126389.jpg,0
147517.jpg,0
005743.jpg,0
058623.jpg,0
169864.jpg,0
109986.jpg,0
083380.jpg,0
157514.jpg,0
173137.jpg,0
037485.jpg,0
060772.jpg,0
160983.jpg,0
118658.jpg,0
002587.jpg,0
091390.jpg,0
034961.jpg,0
191292.jpg,0
197205.jpg,0
016421.jpg,0
005042.jpg,0
186200.jpg,0
063841.jpg,0
190067.jpg,0
022417.jpg,0
189941.jpg,0
055571.jpg,0
160836.jpg,0
110251.jpg,0
131303.jpg,0
083939.jpg,0
058570.jpg,0
112704.jpg,0
007908.jpg,0
051471.jpg,0
181321.jpg,0
088759.jpg,0
114258.jpg,0
193273.jpg,0
119136.jpg,0
011528.jpg,0
092352.jpg,0
023564.jpg,0
187082.jpg,0
039551.jpg,0
096408.jpg,0
012206.jpg,0
096806.jpg,0
117209.jpg,0
011813.jpg,0
122658.jpg,0
198047.jpg,0
125426.jpg,0
000926.jpg,0
191352.jpg,0
082519.jpg,0
038390.jpg,0
082818.jpg,0
000720.jpg,0
193203.jpg,0
023323.jpg,0
047510.jpg,0
156463.jpg,0
179946.jpg,0
038521.jpg,0
125075.jpg,0
067178.jpg,0
183595.jpg,0
199608.jpg,0
030040.jpg,0
189598.jpg,0
168721.jpg,0
080164.jpg,0
009231.jpg,0
102606.jpg,0
197844.jpg,0
074095.jpg,0
049183.jpg,0
112890.jpg,0
118874.jpg,0
029317.jpg,0
078739.jpg,0
147507.jpg,0
106873.jpg,0
183473.jpg,0
045280.jpg,0
093613.jpg,0
078023.jpg,0
064190.jpg,0
100695.jpg,0
194099.jpg,0
043115.jpg,0
148041.jpg,0
176873.jpg,0
162272.jpg,0
081034.jpg,0
097757.jpg,0
078870.jpg,0
000575.jpg,0
034328.jpg,0
128935.jpg,0
151740.jpg,0
150316.jpg,0
047767.jpg,0
046851.jpg,0
154474.jpg,0
097469.jpg,0
070717.jpg,0
089320.jpg,0
093485.jpg,0
170741.jpg,0
190104.jpg,0
192601.jpg,0
031592.jpg,0
190951.jpg,0
110488.jpg,0
125560.jpg,0
128174.jpg,0
143914.jpg,0
196448.jpg,0
117938.jpg,0
027138.jpg,0
077909.jpg,0
105424.jpg,0
081106.jpg,0
195248.jpg,0
040121.jpg,0
172397.jpg,0
074596.jpg,0
142684.jpg,0
168465.jpg,0
116353.jpg,0
018887.jpg,0
002812.jpg,0
146452.jpg,0
077844.jpg,0
086509.jpg,0
067168.jpg,0
091867.jpg,0
158954.jpg,0
144180.jpg,0
132577.jpg,0
135543.jpg,0
200702.jpg,0
076443.jpg,0
022889.jpg,0
054820.jpg,0
192381.jpg,0
150225.jpg,0
053135.jpg,0
112290.jpg,0
093645.jpg,0
076843.jpg,0
168975.jpg,0
099480.jpg,0
034184.jpg,0
099410.jpg,0
192955.jpg,0
128047.jpg,0
002758.jpg,0
187737.jpg,0
173159.jpg,0
010021.jpg,0
005766.jpg,0
103903.jpg,0
051749.jpg,0
028721.jpg,0
033795.jpg,0
125592.jpg,0
099085.jpg,0
127005.jpg,0
021218.jpg,0
093743.jpg,0
046542.jpg,0
010462.jpg,0
126067.jpg,0
089241.jpg,0
039195.jpg,0
141550.jpg,0
127735.jpg,0
035430.jpg,0
098916.jpg,0
037463.jpg,0
012994.jpg,0
029556.jpg,0
016905.jpg,0
152049.jpg,0
175978.jpg,0
075334.jpg,0
197427.jpg,0
196172.jpg,0
193652.jpg,0
123496.jpg,0
046368.jpg,0
179343.jpg,0
131330.jpg,0
004294.jpg,0
199197.jpg,0
100973.jpg,0
093575.jpg,0
005219.jpg,0
119829.jpg,0
080376.jpg,0
152445.jpg,0
170659.jpg,0
174152.jpg,0
186208.jpg,0
177774.jpg,0
037917.jpg,0
010731.jpg,0
116856.jpg,0
120717.jpg,0
194887.jpg,0
170591.jpg,0
042926.jpg,0
098396.jpg,0
190642.jpg,0
180249.jpg,0
136239.jpg,0
038535.jpg,0
000375.jpg,0
137815.jpg,0
043371.jpg,0
159111.jpg,0
081894.jpg,0
029222.jpg,0
000788.jpg,0
018198.jpg,0
189642.jpg,0
160464.jpg,0
120317.jpg,0
160632.jpg,0
055483.jpg,0
037259.jpg,0
064886.jpg,0
173848.jpg,0
106442.jpg,0
121737.jpg,0
095808.jpg,0
169360.jpg,0
026469.jpg,0
145228.jpg,0
170606.jpg,0
068123.jpg,0
091417.jpg,0
116463.jpg,0
115418.jpg,0
160708.jpg,0
193347.jpg,0
088350.jpg,0
031175.jpg,0
164341.jpg,0
168628.jpg,0
177794.jpg,0
113326.jpg,0
002505.jpg,0
141336.jpg,0
073938.jpg,0
188984.jpg,0
079298.jpg,0
050736.jpg,0
114703.jpg,0
187568.jpg,0
098154.jpg,0
130885.jpg,0
155993.jpg,0
135816.jpg,0
160834.jpg,0
141572.jpg,0
055003.jpg,0
142200.jpg,0
184529.jpg,0
180332.jpg,0
080125.jpg,0
108456.jpg,0
084678.jpg,0
176772.jpg,0
185754.jpg,0
119628.jpg,0
057316.jpg,0
087033.jpg,0
171114.jpg,0
155736.jpg,0
029353.jpg,0
035529.jpg,0
150757.jpg,0
043911.jpg,0
004804.jpg,0
089799.jpg,0
104780.jpg,0
064535.jpg,0
168288.jpg,0
129310.jpg,0
062263.jpg,0
063382.jpg,0
059274.jpg,0
010504.jpg,0
062194.jpg,0
073488.jpg,0
079586.jpg,0
128774.jpg,0
006606.jpg,0
157404.jpg,0
026281.jpg,0
131875.jpg,0
023813.jpg,0
159757.jpg,0
041370.jpg,0
049197.jpg,0
182726.jpg,0
136214.jpg,0
136517.jpg,0
002760.jpg,0
036990.jpg,0
028686.jpg,0
133108.jpg,0
100399.jpg,0
120503.jpg,0
109595.jpg,0
202247.jpg,0
131391.jpg,0
163397.jpg,0
190748.jpg,0
137355.jpg,0
179257.jpg,0
062570.jpg,0
035814.jpg,0
164669.jpg,0
102256.jpg,0
056085.jpg,0
178773.jpg,0
119027.jpg,0
040212.jpg,0
177190.jpg,0
180004.jpg,0
000444.jpg,0
062346.jpg,0
039017.jpg,0
154817.jpg,0
174530.jpg,0
084087.jpg,0
162441.jpg,0
202568.jpg,0
133144.jpg,0
077833.jpg,0
193279.jpg,0
198729.jpg,0
153865.jpg,0
143653.jpg,0
158236.jpg,0
196721.jpg,0
099769.jpg,0
059284.jpg,0
179164.jpg,0
020024.jpg,0
052641.jpg,0
199188.jpg,0
006844.jpg,0
168746.jpg,0
152981.jpg,0
198435.jpg,0
195527.jpg,0
189463.jpg,0
003012.jpg,0
027202.jpg,0
030577.jpg,0
099687.jpg,0
002944.jpg,0
007612.jpg,0
202541.jpg,0
033534.jpg,0
066087.jpg,0
157987.jpg,0
059066.jpg,0
190739.jpg,0
131751.jpg,0
048467.jpg,0
088280.jpg,0
058330.jpg,0
172252.jpg,0
114553.jpg,0
176376.jpg,0
075384.jpg,0
169803.jpg,0
046171.jpg,0
151629.jpg,0
040783.jpg,0
201066.jpg,0
189146.jpg,0
065241.jpg,0
085834.jpg,0
036270.jpg,0
110219.jpg,0
054365.jpg,0
148044.jpg,0
154294.jpg,0
045732.jpg,0
189728.jpg,0
011023.jpg,0
132533.jpg,0
147163.jpg,0
096160.jpg,0
068475.jpg,0
193529.jpg,0
180643.jpg,0
029140.jpg,0
161319.jpg,0
039411.jpg,0
055431.jpg,0
079060.jpg,0
157356.jpg,0
005353.jpg,0
148581.jpg,0
084188.jpg,0
160219.jpg,0
026882.jpg,0
044581.jpg,0
134687.jpg,0
122703.jpg,0
105784.jpg,0
133059.jpg,0
029629.jpg,0
174310.jpg,0
039890.jpg,0
018005.jpg,0
077327.jpg,0
202205.jpg,0
035441.jpg,0
111730.jpg,0
101824.jpg,0
149131.jpg,0
143844.jpg,0
064866.jpg,0
026402.jpg,0
128081.jpg,0
030905.jpg,0
155481.jpg,0
013097.jpg,0
064755.jpg,0
147791.jpg,0
099423.jpg,0
073618.jpg,0
155776.jpg,0
147977.jpg,0
103076.jpg,0
130605.jpg,0
054157.jpg,0
010070.jpg,0
017797.jpg,0
139209.jpg,0
183760.jpg,0
173788.jpg,0
155440.jpg,0
064605.jpg,0
138957.jpg,0
102619.jpg,0
136401.jpg,0
176703.jpg,0
135110.jpg,0
170637.jpg,0
046568.jpg,0
145878.jpg,0
037605.jpg,0
078173.jpg,0
194677.jpg,0
166431.jpg,0
093956.jpg,0
072783.jpg,0
175906.jpg,0
056051.jpg,0
188127.jpg,0
031160.jpg,0
088685.jpg,0
184587.jpg,0
104654.jpg,0
170756.jpg,0
164103.jpg,0
104203.jpg,0
191121.jpg,0
106117.jpg,0
003819.jpg,0
157836.jpg,0
147385.jpg,0
040108.jpg,0
063551.jpg,0
127319.jpg,0
147468.jpg,0
123756.jpg,0
160665.jpg,0
161044.jpg,0
079610.jpg,0
014273.jpg,0
119088.jpg,0
088144.jpg,0
132906.jpg,0
011961.jpg,0
077974.jpg,0
040082.jpg,0
126560.jpg,0
032963.jpg,0
014321.jpg,0
056670.jpg,0
185910.jpg,0
119796.jpg,0
165153.jpg,0
008615.jpg,0
061045.jpg,0
134962.jpg,0
055701.jpg,0
053767.jpg,0
129578.jpg,0
164672.jpg,0
192508.jpg,0
184032.jpg,0
004796.jpg,0
124078.jpg,0
065823.jpg,0
085477.jpg,0
149147.jpg,0
033940.jpg,0
175010.jpg,0
130690.jpg,0
086329.jpg,0
018792.jpg,0
166733.jpg,0
197966.jpg,0
013431.jpg,0
011719.jpg,0
118196.jpg,0
103220.jpg,0
094061.jpg,0
057025.jpg,0
183090.jpg,0
149365.jpg,0
067313.jpg,0
135799.jpg,0
109483.jpg,0
073017.jpg,0
096415.jpg,0
181965.jpg,0
095331.jpg,0
160430.jpg,0
000938.jpg,0
075260.jpg,0
079321.jpg,0
139469.jpg,0
134596.jpg,0
178785.jpg,0
007991.jpg,0
168029.jpg,0
188708.jpg,0
132771.jpg,0
131620.jpg,0
142058.jpg,0
010355.jpg,0
153529.jpg,0
100769.jpg,0
029306.jpg,0
088994.jpg,0
141760.jpg,0
076167.jpg,0
047751.jpg,0
163220.jpg,0
167934.jpg,0
155693.jpg,0
169872.jpg,0
054297.jpg,0
144172.jpg,0
023199.jpg,0
035971.jpg,0
096495.jpg,0
167015.jpg,0
055574.jpg,0
017898.jpg,0
086333.jpg,0
201200.jpg,0
024192.jpg,0
082697.jpg,0
103714.jpg,0
144728.jpg,0
146623.jpg,0
000911.jpg,0
051742.jpg,0
085698.jpg,0
148281.jpg,0
067962.jpg,0
087490.jpg,0
179020.jpg,0
202367.jpg,0
138576.jpg,0
198553.jpg,0
038611.jpg,0
164011.jpg,0
069197.jpg,0
143741.jpg,0
196050.jpg,0
091023.jpg,0
031269.jpg,0
163636.jpg,0
079215.jpg,0
182375.jpg,0
022072.jpg,0
120306.jpg,0
114649.jpg,0
060581.jpg,0
077949.jpg,0
161658.jpg,0
190688.jpg,0
052189.jpg,0
094202.jpg,0
130136.jpg,0
136806.jpg,0
154814.jpg,0
090827.jpg,0
097347.jpg,0
182108.jpg,0
069017.jpg,0
162897.jpg,0
137235.jpg,0
008598.jpg,0
036016.jpg,0
039665.jpg,0
046441.jpg,0
034576.jpg,0
100224.jpg,0
101250.jpg,0
016045.jpg,0
181841.jpg,0
088694.jpg,0
121510.jpg,0
129075.jpg,0
078007.jpg,0
005020.jpg,0
093610.jpg,0
014956.jpg,0
158797.jpg,0
041122.jpg,0
036709.jpg,0
004118.jpg,0
176698.jpg,0
070632.jpg,0
187022.jpg,0
083793.jpg,0
006755.jpg,0
092967.jpg,0
082143.jpg,0
081455.jpg,0
144079.jpg,0
183598.jpg,0
021000.jpg,0
089782.jpg,0
001101.jpg,0
129076.jpg,0
035919.jpg,0
042938.jpg,0
051420.jpg,0
041048.jpg,0
008130.jpg,0
189278.jpg,0
093827.jpg,0
025909.jpg,0
202074.jpg,0
153526.jpg,0
138906.jpg,0
150827.jpg,0
022996.jpg,0
094007.jpg,0
113896.jpg,0
088522.jpg,0
138907.jpg,0
184717.jpg,0
175789.jpg,0
136532.jpg,0
122127.jpg,0
056519.jpg,0
025353.jpg,0
016253.jpg,0
039271.jpg,0
178153.jpg,0
155045.jpg,0
171518.jpg,0
186198.jpg,0
046699.jpg,0
155534.jpg,0
196839.jpg,0
033430.jpg,0
140221.jpg,0
020862.jpg,0
068077.jpg,0
086729.jpg,0
168898.jpg,0
175657.jpg,0
174234.jpg,0
074839.jpg,0
065262.jpg,0
144083.jpg,0
197174.jpg,0
002934.jpg,0
038924.jpg,0
200325.jpg,0
070825.jpg,0
189692.jpg,0
069775.jpg,0
170537.jpg,0
097920.jpg,0
188355.jpg,0
047138.jpg,0
157025.jpg,0
052820.jpg,0
090150.jpg,0
136496.jpg,0
042666.jpg,0
132552.jpg,0
043247.jpg,0
197151.jpg,0
056777.jpg,0
074354.jpg,0
165172.jpg,0
179975.jpg,0
138537.jpg,0
121369.jpg,0
068181.jpg,0
162521.jpg,0
007766.jpg,0
160403.jpg,0
183995.jpg,0
089577.jpg,0
172178.jpg,0
135299.jpg,0
024670.jpg,0
075977.jpg,0
076977.jpg,0
173485.jpg,0
051345.jpg,0
077564.jpg,0
185687.jpg,0
048179.jpg,0
171776.jpg,0
133458.jpg,0
108240.jpg,0
003780.jpg,0
055001.jpg,0
139873.jpg,0
092103.jpg,0
118685.jpg,0
186588.jpg,0
006869.jpg,0
080348.jpg,0
195680.jpg,0
049400.jpg,0
052874.jpg,0
082138.jpg,0
097333.jpg,0
030508.jpg,0
159393.jpg,0
085285.jpg,0
008005.jpg,0
069887.jpg,0
071419.jpg,0
161763.jpg,0
016494.jpg,0
119881.jpg,0
161335.jpg,0
193797.jpg,0
027037.jpg,0
048442.jpg,0
113522.jpg,0
005835.jpg,0
039386.jpg,0
145688.jpg,0
091321.jpg,0
140390.jpg,0
166393.jpg,0
137708.jpg,0
046426.jpg,0
102778.jpg,0
088728.jpg,0
132727.jpg,0
191129.jpg,0
194354.jpg,0
145614.jpg,0
160658.jpg,0
103732.jpg,0
005420.jpg,0
139882.jpg,0
000264.jpg,0
157594.jpg,0
095676.jpg,0
163012.jpg,0
179949.jpg,0
009364.jpg,0
113304.jpg,0
098738.jpg,0
098139.jpg,0
035617.jpg,0
047555.jpg,0
100947.jpg,0
156783.jpg,0
200552.jpg,0
023949.jpg,0
060773.jpg,0
045149.jpg,0
006039.jpg,0
073190.jpg,0
025112.jpg,0
132412.jpg,0
137733.jpg,0
138542.jpg,0
118492.jpg,0
024876.jpg,0
060162.jpg,0
182378.jpg,0
133356.jpg,0
175583.jpg,0
032625.jpg,0
183621.jpg,0
193902.jpg,0
110719.jpg,0
179472.jpg,0
082865.jpg,0
017756.jpg,0
006242.jpg,0
161601.jpg,0
153616.jpg,0
197511.jpg,0
077864.jpg,0
182498.jpg,0
067082.jpg,0
163971.jpg,0
141514.jpg,0
190988.jpg,0
102670.jpg,0
122065.jpg,0
180012.jpg,0
076509.jpg,0
019019.jpg,0
165704.jpg,0
172917.jpg,0
166562.jpg,0
125517.jpg,0
111456.jpg,0
150842.jpg,0
152324.jpg,0
137645.jpg,0
006489.jpg,0
116587.jpg,0
177999.jpg,0
159186.jpg,0
170704.jpg,0
065575.jpg,0
107136.jpg,0
022840.jpg,0
038245.jpg,0
076877.jpg,0
199018.jpg,0
142938.jpg,0
168597.jpg,0
054681.jpg,0
143313.jpg,0
121845.jpg,0
129992.jpg,0
108532.jpg,0
117984.jpg,0
051386.jpg,0
111151.jpg,0
162428.jpg,0
002134.jpg,0
137340.jpg,0
099022.jpg,0
118753.jpg,0
065907.jpg,0
046980.jpg,0
161376.jpg,0
084977.jpg,0
046419.jpg,0
111517.jpg,0
003194.jpg,0
038909.jpg,0
120636.jpg,0
104729.jpg,0
114894.jpg,0
044007.jpg,0
152317.jpg,0
168959.jpg,0
182781.jpg,0
027702.jpg,0
094849.jpg,0
084379.jpg,0
108515.jpg,0
040226.jpg,0
015793.jpg,0
016968.jpg,0
083932.jpg,0
176737.jpg,0
140734.jpg,0
124754.jpg,0
060894.jpg,0
158065.jpg,0
085499.jpg,0
011418.jpg,0
124150.jpg,0
177531.jpg,0
078977.jpg,0
151007.jpg,0
145088.jpg,0
055559.jpg,0
158426.jpg,0
156825.jpg,0
026385.jpg,0
099728.jpg,0
124614.jpg,0
042623.jpg,0
084880.jpg,0
197661.jpg,0
199594.jpg,0
007715.jpg,0
181579.jpg,0
002599.jpg,0
153208.jpg,0
097614.jpg,0
186854.jpg,0
134912.jpg,0
010656.jpg,0
115940.jpg,0
141796.jpg,0
150346.jpg,0
074314.jpg,0
132156.jpg,0
045058.jpg,0
095773.jpg,0
046716.jpg,0
169361.jpg,0
164805.jpg,0
189717.jpg,0
183543.jpg,0
116180.jpg,0
140819.jpg,0
004115.jpg,0
136422.jpg,0
004063.jpg,0
107058.jpg,0
121921.jpg,0
116729.jpg,0
074358.jpg,0
162029.jpg,0
119167.jpg,0
124926.jpg,0
076614.jpg,0
125165.jpg,0
147107.jpg,0
143281.jpg,0
126245.jpg,0
079921.jpg,0
175837.jpg,0
070321.jpg,0
120647.jpg,0
157644.jpg,0
055020.jpg,0
088139.jpg,0
002075.jpg,0
137417.jpg,0
176403.jpg,0
079664.jpg,0
141356.jpg,0
185961.jpg,0
007684.jpg,0
191924.jpg,0
082477.jpg,0
034310.jpg,0
091577.jpg,0
163592.jpg,0
184669.jpg,0
064162.jpg,0
116284.jpg,0
024586.jpg,0
058606.jpg,0
182321.jpg,0
145056.jpg,0
180020.jpg,0
081002.jpg,0
091590.jpg,0
182374.jpg,0
065819.jpg,0
065869.jpg,0
056654.jpg,0
072789.jpg,0
159029.jpg,0
155280.jpg,0
071441.jpg,0
017646.jpg,0
142596.jpg,0
060664.jpg,0
032865.jpg,0
055603.jpg,0
150857.jpg,0
060199.jpg,0
071334.jpg,0
141035.jpg,0
127713.jpg,0
092398.jpg,0
170181.jpg,0
092263.jpg,0
120985.jpg,0
042433.jpg,0
099455.jpg,0
007936.jpg,0
033734.jpg,0
174643.jpg,0
048225.jpg,0
117093.jpg,0
196521.jpg,0
170012.jpg,0
003044.jpg,0
160501.jpg,0
066597.jpg,0
101347.jpg,0
065497.jpg,0
034304.jpg,0
045032.jpg,0
116486.jpg,0
023901.jpg,0
003803.jpg,1
084107.jpg,1
111494.jpg,1
142062.jpg,1
003159.jpg,1
027825.jpg,1
173275.jpg,1
135271.jpg,1
163179.jpg,1
066487.jpg,1
038760.jpg,1
014803.jpg,1
122373.jpg,1
117409.jpg,1
064417.jpg,1
176618.jpg,1
095523.jpg,1
202503.jpg,1
182337.jpg,1
074526.jpg,1
142604.jpg,1
185166.jpg,1
073870.jpg,1
070476.jpg,1
103951.jpg,1
158841.jpg,1
079291.jpg,1
039178.jpg,1
079543.jpg,1
193062.jpg,1
100451.jpg,1
133737.jpg,1
054890.jpg,1
053401.jpg,1
092810.jpg,1
162228.jpg,1
177765.jpg,1
131647.jpg,1
102965.jpg,1
092240.jpg,1
038943.jpg,1
153476.jpg,1
149252.jpg,1
112121.jpg,1
145904.jpg,1
156048.jpg,1
066883.jpg,1
079495.jpg,1
009816.jpg,1
037790.jpg,1
004705.jpg,1
200861.jpg,1
125144.jpg,1
069625.jpg,1
194290.jpg,1
067716.jpg,1
022837.jpg,1
017283.jpg,1
083870.jpg,1
034375.jpg,1
096207.jpg,1
156101.jpg,1
106529.jpg,1
125564.jpg,1
123098.jpg,1
100833.jpg,1
112295.jpg,1
118794.jpg,1
162447.jpg,1
035559.jpg,1
114619.jpg,1
046890.jpg,1
089154.jpg,1
031597.jpg,1
174575.jpg,1
032965.jpg,1
132281.jpg,1
150995.jpg,1
086671.jpg,1
138070.jpg,1
057902.jpg,1
027608.jpg,1
111018.jpg,1
102517.jpg,1
139744.jpg,1
047861.jpg,1
184128.jpg,1
154400.jpg,1
035927.jpg,1
144890.jpg,1
026690.jpg,1
044106.jpg,1
000416.jpg,1
175521.jpg,1
064412.jpg,1
134443.jpg,1
190791.jpg,1
101359.jpg,1
075024.jpg,1
176527.jpg,1
071376.jpg,1
131047.jpg,1
015896.jpg,1
091011.jpg,1
170280.jpg,1
106105.jpg,1
168913.jpg,1
026429.jpg,1
088192.jpg,1
129072.jpg,1
148104.jpg,1
126649.jpg,1
022777.jpg,1
077579.jpg,1
195576.jpg,1
089957.jpg,1
073703.jpg,1
127292.jpg,1
068882.jpg,1
157453.jpg,1
034244.jpg,1
103686.jpg,1
171855.jpg,1
077953.jpg,1
175248.jpg,1
126781.jpg,1
165829.jpg,1
198702.jpg,1
022620.jpg,1
165174.jpg,1
073153.jpg,1
066717.jpg,1
143152.jpg,1
130616.jpg,1
132620.jpg,1
137093.jpg,1
049893.jpg,1
027184.jpg,1
168541.jpg,1
115813.jpg,1
089699.jpg,1
183726.jpg,1
077036.jpg,1
008763.jpg,1
146719.jpg,1
012534.jpg,1
128564.jpg,1
051508.jpg,1
084606.jpg,1
080231.jpg,1
016596.jpg,1
079410.jpg,1
020440.jpg,1
166449.jpg,1
156600.jpg,1
096614.jpg,1
092516.jpg,1
139581.jpg,1
102098.jpg,1
038726.jpg,1
037567.jpg,1
015758.jpg,1
015716.jpg,1
102341.jpg,1
057737.jpg,1
146237.jpg,1
120600.jpg,1
130563.jpg,1
121447.jpg,1
061974.jpg,1
178700.jpg,1
052146.jpg,1
041525.jpg,1
039766.jpg,1
017133.jpg,1
047838.jpg,1
028606.jpg,1
109479.jpg,1
193088.jpg,1
063237.jpg,1
001646.jpg,1
050723.jpg,1
087474.jpg,1
134387.jpg,1
122702.jpg,1
200943.jpg,1
118885.jpg,1
052034.jpg,1
021439.jpg,1
180182.jpg,1
006042.jpg,1
005096.jpg,1
021492.jpg,1
015834.jpg,1
191224.jpg,1
111085.jpg,1
062728.jpg,1
088821.jpg,1
024331.jpg,1
001630.jpg,1
009430.jpg,1
166083.jpg,1
199527.jpg,1
181691.jpg,1
093528.jpg,1
159895.jpg,1
149001.jpg,1
072842.jpg,1
105355.jpg,1
032174.jpg,1
099254.jpg,1
128937.jpg,1
057267.jpg,1
065821.jpg,1
049374.jpg,1
197608.jpg,1
060729.jpg,1
081978.jpg,1
019118.jpg,1
183078.jpg,1
151514.jpg,1
128424.jpg,1
148370.jpg,1
194395.jpg,1
164097.jpg,1
035089.jpg,1
032868.jpg,1
094052.jpg,1
157664.jpg,1
080368.jpg,1
202030.jpg,1
020300.jpg,1
156446.jpg,1
022157.jpg,1
167621.jpg,1
100981.jpg,1
100278.jpg,1
201763.jpg,1
001113.jpg,1
147958.jpg,1
008459.jpg,1
137016.jpg,1
070733.jpg,1
038299.jpg,1
117977.jpg,1
014196.jpg,1
173679.jpg,1
005708.jpg,1
147754.jpg,1
093512.jpg,1
070225.jpg,1
015056.jpg,1
183325.jpg,1
030702.jpg,1
148979.jpg,1
191670.jpg,1
158602.jpg,1
180703.jpg,1
102085.jpg,1
025983.jpg,1
077890.jpg,1
136684.jpg,1
042941.jpg,1
146050.jpg,1
137104.jpg,1
063068.jpg,1
091331.jpg,1
048556.jpg,1
024106.jpg,1
112054.jpg,1
135961.jpg,1
062281.jpg,1
004863.jpg,1
105115.jpg,1
185208.jpg,1
189120.jpg,1
072532.jpg,1
192959.jpg,1
068623.jpg,1
188251.jpg,1
145977.jpg,1
075939.jpg,1
104589.jpg,1
048463.jpg,1
188972.jpg,1
043510.jpg,1
095832.jpg,1
041175.jpg,1
044314.jpg,1
098140.jpg,1
094933.jpg,1
152328.jpg,1
170355.jpg,1
060099.jpg,1
157139.jpg,1
140309.jpg,1
013177.jpg,1
135551.jpg,1
156664.jpg,1
189429.jpg,1
085869.jpg,1
158440.jpg,1
108020.jpg,1
040007.jpg,1
107456.jpg,1
168210.jpg,1
079137.jpg,1
027039.jpg,1
202154.jpg,1
187709.jpg,1
106765.jpg,1
059310.jpg,1
130507.jpg,1
147415.jpg,1
115197.jpg,1
067828.jpg,1
004661.jpg,1
083830.jpg,1
096089.jpg,1
085090.jpg,1
186245.jpg,1
196149.jpg,1
186865.jpg,1
026514.jpg,1
068009.jpg,1
047941.jpg,1
147739.jpg,1
037757.jpg,1
014999.jpg,1
118162.jpg,1
079174.jpg,1
182577.jpg,1
196056.jpg,1
030306.jpg,1
131717.jpg,1
052800.jpg,1
129933.jpg,1
062086.jpg,1
111093.jpg,1
131107.jpg,1
153353.jpg,1
182680.jpg,1
162318.jpg,1
047611.jpg,1
069846.jpg,1
099762.jpg,1
123721.jpg,1
197822.jpg,1
013324.jpg,1
109342.jpg,1
142723.jpg,1
086401.jpg,1
018630.jpg,1
150960.jpg,1
007954.jpg,1
091460.jpg,1
115292.jpg,1
079814.jpg,1
090785.jpg,1
156235.jpg,1
112454.jpg,1
001445.jpg,1
144059.jpg,1
138134.jpg,1
092324.jpg,1
140904.jpg,1
018901.jpg,1
182593.jpg,1
163695.jpg,1
146218.jpg,1
184947.jpg,1
048287.jpg,1
094945.jpg,1
078298.jpg,1
065120.jpg,1
059230.jpg,1
069447.jpg,1
188894.jpg,1
162953.jpg,1
158574.jpg,1
142775.jpg,1
136311.jpg,1
150778.jpg,1
189788.jpg,1
109589.jpg,1
192480.jpg,1
045835.jpg,1
025350.jpg,1
003978.jpg,1
073810.jpg,1
142389.jpg,1
128985.jpg,1
079441.jpg,1
015491.jpg,1
050614.jpg,1
178291.jpg,1
141608.jpg,1
054947.jpg,1
070892.jpg,1
146694.jpg,1
015133.jpg,1
198305.jpg,1
140052.jpg,1
104279.jpg,1
044304.jpg,1
138818.jpg,1
040822.jpg,1
138811.jpg,1
126995.jpg,1
063018.jpg,1
041198.jpg,1
095455.jpg,1
121592.jpg,1
159379.jpg,1
180014.jpg,1
118842.jpg,1
182725.jpg,1
046304.jpg,1
170517.jpg,1
143683.jpg,1
108328.jpg,1
092785.jpg,1
082649.jpg,1
083286.jpg,1
045071.jpg,1
135574.jpg,1
062966.jpg,1
088222.jpg,1
006113.jpg,1
051142.jpg,1
125149.jpg,1
128366.jpg,1
017567.jpg,1
135885.jpg,1
175539.jpg,1
190742.jpg,1
145435.jpg,1
051907.jpg,1
098926.jpg,1
096564.jpg,1
141711.jpg,1
087295.jpg,1
054866.jpg,1
058103.jpg,1
152866.jpg,1
101521.jpg,1
095238.jpg,1
098261.jpg,1
156693.jpg,1
065927.jpg,1
178748.jpg,1
090604.jpg,1
002280.jpg,1
124716.jpg,1
061796.jpg,1
106018.jpg,1
174606.jpg,1
072761.jpg,1
004662.jpg,1
048497.jpg,1
125863.jpg,1
021364.jpg,1
049096.jpg,1
193310.jpg,1
072397.jpg,1
116820.jpg,1
120016.jpg,1
177131.jpg,1
108879.jpg,1
004310.jpg,1
134487.jpg,1
141323.jpg,1
134358.jpg,1
152122.jpg,1
121942.jpg,1
152869.jpg,1
146533.jpg,1
090347.jpg,1
051746.jpg,1
152273.jpg,1
177595.jpg,1
149686.jpg,1
083119.jpg,1
154931.jpg,1
169449.jpg,1
190178.jpg,1
116425.jpg,1
072404.jpg,1
168004.jpg,1
029779.jpg,1
030894.jpg,1
080980.jpg,1
122213.jpg,1
051564.jpg,1
197910.jpg,1
104724.jpg,1
032986.jpg,1
134650.jpg,1
184306.jpg,1
148229.jpg,1
041673.jpg,1
068129.jpg,1
085586.jpg,1
073956.jpg,1
181099.jpg,1
125814.jpg,1
137722.jpg,1
147783.jpg,1
166681.jpg,1
153516.jpg,1
069685.jpg,1
071618.jpg,1
046170.jpg,1
105441.jpg,1
134049.jpg,1
113313.jpg,1
072295.jpg,1
149420.jpg,1
200654.jpg,1
077342.jpg,1
050616.jpg,1
136308.jpg,1
136921.jpg,1
000453.jpg,1
007561.jpg,1
020080.jpg,1
025295.jpg,1
112267.jpg,1
138658.jpg,1
006261.jpg,1
068634.jpg,1
193432.jpg,1
200091.jpg,1
138952.jpg,1
179911.jpg,1
056057.jpg,1
000308.jpg,1
044003.jpg,1
084978.jpg,1
115550.jpg,1
069055.jpg,1
090779.jpg,1
102753.jpg,1
006852.jpg,1
016185.jpg,1
013901.jpg,1
172751.jpg,1
117191.jpg,1
128872.jpg,1
098900.jpg,1
089792.jpg,1
119251.jpg,1
061278.jpg,1
041151.jpg,1
093662.jpg,1
062576.jpg,1
066563.jpg,1
119454.jpg,1
103796.jpg,1
124504.jpg,1
042482.jpg,1
177438.jpg,1
168514.jpg,1
079893.jpg,1
113818.jpg,1
001691.jpg,1
133371.jpg,1
008750.jpg,1
085728.jpg,1
140862.jpg,1
085094.jpg,1
072428.jpg,1
018762.jpg,1
071844.jpg,1
197480.jpg,1
046520.jpg,1
194968.jpg,1
052700.jpg,1
191270.jpg,1
169237.jpg,1
099275.jpg,1
042441.jpg,1
010676.jpg,1
027785.jpg,1
166442.jpg,1
000149.jpg,1
118996.jpg,1
099266.jpg,1
133243.jpg,1
112665.jpg,1
080720.jpg,1
175305.jpg,1
075397.jpg,1
045766.jpg,1
173769.jpg,1
076356.jpg,1
135763.jpg,1
076401.jpg,1
087980.jpg,1
015694.jpg,1
162118.jpg,1
058593.jpg,1
132636.jpg,1
193817.jpg,1
095948.jpg,1
091715.jpg,1
173009.jpg,1
049621.jpg,1
048086.jpg,1
060079.jpg,1
129196.jpg,1
016014.jpg,1
138441.jpg,1
081959.jpg,1
004636.jpg,1
030052.jpg,1
059069.jpg,1
166557.jpg,1
180082.jpg,1
104077.jpg,1
021180.jpg,1
080006.jpg,1
181288.jpg,1
157292.jpg,1
189954.jpg,1
112994.jpg,1
071410.jpg,1
171120.jpg,1
118033.jpg,1
077463.jpg,1
017604.jpg,1
048730.jpg,1
125893.jpg,1
110330.jpg,1
140025.jpg,1
155928.jpg,1
200371.jpg,1
169808.jpg,1
062357.jpg,1
050641.jpg,1
195424.jpg,1
172962.jpg,1
067887.jpg,1
041062.jpg,1
155281.jpg,1
168171.jpg,1
098259.jpg,1
040935.jpg,1
026065.jpg,1
043930.jpg,1
006353.jpg,1
104861.jpg,1
007392.jpg,1
150613.jpg,1
077724.jpg,1
115484.jpg,1
177509.jpg,1
129337.jpg,1
081278.jpg,1
054505.jpg,1
047094.jpg,1
024842.jpg,1
013574.jpg,1
174734.jpg,1
007671.jpg,1
117855.jpg,1
169050.jpg,1
102625.jpg,1
004113.jpg,1
009033.jpg,1
139687.jpg,1
141848.jpg,1
061139.jpg,1
148817.jpg,1
065669.jpg,1
053229.jpg,1
185112.jpg,1
051283.jpg,1
055580.jpg,1
026832.jpg,1
096941.jpg,1
170507.jpg,1
192112.jpg,1
034416.jpg,1
080881.jpg,1
193507.jpg,1
134473.jpg,1
124458.jpg,1
087067.jpg,1
064294.jpg,1
187495.jpg,1
110381.jpg,1
076112.jpg,1
031440.jpg,1
095860.jpg,1
002853.jpg,1
163465.jpg,1
035789.jpg,1
070071.jpg,1
129530.jpg,1
200257.jpg,1
090414.jpg,1
179798.jpg,1
129808.jpg,1
093480.jpg,1
078196.jpg,1
038450.jpg,1
053111.jpg,1
052418.jpg,1
007336.jpg,1
056328.jpg,1
161342.jpg,1
133395.jpg,1
059876.jpg,1
029996.jpg,1
079732.jpg,1
057928.jpg,1
194611.jpg,1
115156.jpg,1
108975.jpg,1
155810.jpg,1
182224.jpg,1
171845.jpg,1
075291.jpg,1
072377.jpg,1
117366.jpg,1
087093.jpg,1
039038.jpg,1
062304.jpg,1
070441.jpg,1
030056.jpg,1
170489.jpg,1
171954.jpg,1
100215.jpg,1
049360.jpg,1
141659.jpg,1
021022.jpg,1
100205.jpg,1
036583.jpg,1
001242.jpg,1
013174.jpg,1
158613.jpg,1
114862.jpg,1
159533.jpg,1
030303.jpg,1
066491.jpg,1
021342.jpg,1
011901.jpg,1
181217.jpg,1
034157.jpg,1
066223.jpg,1
138893.jpg,1
016303.jpg,1
102018.jpg,1
134193.jpg,1
183166.jpg,1
192526.jpg,1
011369.jpg,1
172061.jpg,1
098095.jpg,1
099265.jpg,1
189689.jpg,1
074670.jpg,1
034758.jpg,1
098451.jpg,1
149811.jpg,1
156761.jpg,1
069472.jpg,1
001468.jpg,1
104658.jpg,1
016134.jpg,1
102266.jpg,1
150479.jpg,1
015905.jpg,1
183773.jpg,1
077809.jpg,1
015873.jpg,1
105478.jpg,1
079538.jpg,1
024989.jpg,1
093239.jpg,1
055697.jpg,1
032722.jpg,1
143080.jpg,1
008185.jpg,1
019451.jpg,1
193266.jpg,1
145307.jpg,1
056482.jpg,1
065539.jpg,1
000196.jpg,1
087747.jpg,1
134186.jpg,1
116101.jpg,1
092957.jpg,1
187881.jpg,1
021468.jpg,1
130795.jpg,1
115496.jpg,1
119633.jpg,1
117023.jpg,1
104761.jpg,1
080780.jpg,1
073948.jpg,1
152978.jpg,1
090551.jpg,1
100317.jpg,1
030507.jpg,1
189568.jpg,1
136815.jpg,1
146663.jpg,1
161994.jpg,1
104490.jpg,1
180759.jpg,1
135648.jpg,1
165188.jpg,1
006485.jpg,1
067804.jpg,1
127121.jpg,1
076572.jpg,1
086112.jpg,1
013708.jpg,1
128307.jpg,1
043762.jpg,1
035724.jpg,1
001139.jpg,1
050302.jpg,1
066239.jpg,1
063903.jpg,1
170268.jpg,1
082076.jpg,1
143003.jpg,1
182638.jpg,1
128446.jpg,1
009757.jpg,1
155485.jpg,1
100619.jpg,1
006599.jpg,1
182187.jpg,1
175726.jpg,1
067452.jpg,1
014452.jpg,1
085217.jpg,1
034805.jpg,1
150719.jpg,1
081150.jpg,1
028469.jpg,1
132901.jpg,1
177250.jpg,1
031097.jpg,1
169794.jpg,1
076317.jpg,1
077675.jpg,1
001038.jpg,1
126887.jpg,1
013840.jpg,1
150808.jpg,1
030123.jpg,1
170275.jpg,1
201519.jpg,1
011254.jpg,1
185009.jpg,1
189958.jpg,1
033827.jpg,1
048419.jpg,1
175535.jpg,1
162700.jpg,1
044203.jpg,1
081249.jpg,1
174985.jpg,1
140452.jpg,1
128549.jpg,1
121727.jpg,1
089133.jpg,1
005871.jpg,1
189435.jpg,1
076336.jpg,1
100046.jpg,1
056390.jpg,1
093781.jpg,1
049916.jpg,1
180777.jpg,1
141662.jpg,1
097604.jpg,1
103137.jpg,1
102201.jpg,1
127261.jpg,1
173653.jpg,1
152694.jpg,1
059138.jpg,1
144749.jpg,1
098641.jpg,1
089103.jpg,1
102973.jpg,1
032704.jpg,1
165606.jpg,1
152169.jpg,1
107363.jpg,1
105860.jpg,1
198319.jpg,1
138778.jpg,1
155793.jpg,1
131504.jpg,1
020165.jpg,1
038375.jpg,1
131424.jpg,1
109789.jpg,1
065654.jpg,1
133451.jpg,1
047359.jpg,1
004687.jpg,1
031797.jpg,1
185311.jpg,1
108206.jpg,1
199669.jpg,1
016612.jpg,1
193754.jpg,1
030232.jpg,1
046078.jpg,1
040206.jpg,1
135502.jpg,1
160366.jpg,1
120138.jpg,1
006288.jpg,1
087034.jpg,1
104868.jpg,1
015988.jpg,1
179100.jpg,1
048263.jpg,1
193965.jpg,1
011753.jpg,1
110374.jpg,1
044065.jpg,1
138018.jpg,1
142744.jpg,1
165441.jpg,1
089489.jpg,1
108938.jpg,1
111427.jpg,1
106016.jpg,1
118493.jpg,1
109776.jpg,1
079998.jpg,1
105712.jpg,1
108651.jpg,1
092750.jpg,1
031386.jpg,1
016040.jpg,1
156393.jpg,1
016545.jpg,1
123687.jpg,1
083531.jpg,1
195043.jpg,1
144324.jpg,1
149235.jpg,1
152746.jpg,1
141702.jpg,1
012891.jpg,1
077433.jpg,1
071051.jpg,1
076717.jpg,1
079465.jpg,1
000657.jpg,1
121408.jpg,1
009097.jpg,1
053520.jpg,1
173820.jpg,1
065177.jpg,1
103489.jpg,1
071238.jpg,1
116123.jpg,1
118668.jpg,1
088474.jpg,1
046065.jpg,1
032091.jpg,1
178127.jpg,1
136352.jpg,1
174886.jpg,1
172779.jpg,1
151592.jpg,1
008447.jpg,1
079274.jpg,1
149851.jpg,1
087094.jpg,1
158399.jpg,1
116387.jpg,1
151886.jpg,1
073714.jpg,1
026064.jpg,1
091516.jpg,1
064152.jpg,1
129131.jpg,1
154556.jpg,1
000199.jpg,1
143678.jpg,1
051782.jpg,1
067533.jpg,1
066266.jpg,1
198091.jpg,1
150624.jpg,1
108258.jpg,1
005700.jpg,1
163638.jpg,1
112337.jpg,1
144903.jpg,1
097329.jpg,1
120585.jpg,1
089333.jpg,1
052422.jpg,1
012017.jpg,1
079628.jpg,1
100163.jpg,1
106782.jpg,1
084232.jpg,1
160535.jpg,1
072079.jpg,1
140145.jpg,1
059977.jpg,1
098433.jpg,1
162540.jpg,1
135557.jpg,1
021855.jpg,1
144769.jpg,1
185432.jpg,1
157856.jpg,1
064611.jpg,1
101769.jpg,1
083444.jpg,1
057474.jpg,1
002226.jpg,1
044743.jpg,1
047448.jpg,1
135622.jpg,1
174793.jpg,1
033812.jpg,1
034047.jpg,1
019397.jpg,1
092600.jpg,1
144065.jpg,1
053562.jpg,1
026757.jpg,1
091830.jpg,1
082791.jpg,1
146514.jpg,1
046265.jpg,1
000068.jpg,1
095440.jpg,1
030861.jpg,1
018443.jpg,1
071777.jpg,1
151344.jpg,1
152121.jpg,1
052809.jpg,1
192359.jpg,1
161421.jpg,1
103947.jpg,1
142371.jpg,1
008406.jpg,1
075827.jpg,1
072444.jpg,1
016582.jpg,1
077885.jpg,1
100694.jpg,1
074000.jpg,1
074232.jpg,1
011511.jpg,1
014115.jpg,1
074343.jpg,1
189135.jpg,1
166189.jpg,1
177931.jpg,1
116100.jpg,1
172632.jpg,1
145734.jpg,1
012134.jpg,1
056701.jpg,1
073511.jpg,1
078962.jpg,1
087576.jpg,1
191548.jpg,1
149969.jpg,1
131498.jpg,1
014823.jpg,1
123895.jpg,1
041040.jpg,1
054794.jpg,1
008261.jpg,1
106576.jpg,1
062017.jpg,1
154140.jpg,1
163655.jpg,1
059373.jpg,1
131652.jpg,1
196309.jpg,1
110953.jpg,1
050286.jpg,1
022864.jpg,1
041502.jpg,1
035020.jpg,1
179381.jpg,1
005944.jpg,1
194097.jpg,1
195224.jpg,1
143049.jpg,1
079871.jpg,1
154021.jpg,1
074618.jpg,1
153856.jpg,1
057462.jpg,1
028796.jpg,1
057885.jpg,1
121757.jpg,1
157017.jpg,1
139129.jpg,1
040093.jpg,1
154056.jpg,1
068525.jpg,1
161501.jpg,1
178834.jpg,1
073894.jpg,1
118415.jpg,1
047870.jpg,1
188605.jpg,1
088790.jpg,1
097280.jpg,1
137120.jpg,1
097181.jpg,1
097119.jpg,1
025391.jpg,1
094443.jpg,1
012182.jpg,1
112449.jpg,1
010591.jpg,1
161502.jpg,1
166113.jpg,1
079319.jpg,1
195786.jpg,1
122356.jpg,1
176668.jpg,1
152644.jpg,1
040044.jpg,1
002195.jpg,1
156696.jpg,1
097219.jpg,1
179948.jpg,1
163125.jpg,1
012406.jpg,1
027696.jpg,1
140351.jpg,1
091605.jpg,1
073065.jpg,1
085099.jpg,1
037654.jpg,1
046338.jpg,1
156745.jpg,1
172713.jpg,1
154396.jpg,1
158818.jpg,1
171607.jpg,1
189696.jpg,1
047636.jpg,1
004873.jpg,1
148228.jpg,1
144863.jpg,1
080118.jpg,1
076752.jpg,1
051334.jpg,1
085546.jpg,1
054341.jpg,1
174547.jpg,1
019755.jpg,1
011523.jpg,1
142631.jpg,1
093149.jpg,1
130493.jpg,1
196265.jpg,1
006471.jpg,1
074154.jpg,1
156052.jpg,1
077818.jpg,1
027254.jpg,1
048143.jpg,1
085249.jpg,1
153004.jpg,1
072750.jpg,1
061057.jpg,1
055126.jpg,1
103091.jpg,1
131649.jpg,1
109054.jpg,1
027271.jpg,1
092084.jpg,1
098790.jpg,1
138701.jpg,1
183148.jpg,1
198180.jpg,1
004004.jpg,1
138931.jpg,1
030045.jpg,1
142439.jpg,1
140920.jpg,1
096300.jpg,1
102793.jpg,1
010728.jpg,1
086190.jpg,1
170786.jpg,1
060860.jpg,1
087562.jpg,1
172000.jpg,1
033300.jpg,1
065742.jpg,1
112057.jpg,1
038894.jpg,1
177888.jpg,1
040402.jpg,1
173621.jpg,1
045919.jpg,1
044077.jpg,1
159159.jpg,1
098407.jpg,1
128098.jpg,1
013880.jpg,1
115960.jpg,1
167910.jpg,1
033337.jpg,1
200399.jpg,1
070582.jpg,1
084847.jpg,1
199703.jpg,1
035154.jpg,1
181084.jpg,1
199335.jpg,1
173431.jpg,1
103233.jpg,1
006226.jpg,1
058687.jpg,1
157491.jpg,1
148199.jpg,1
127555.jpg,1
191744.jpg,1
092802.jpg,1
197695.jpg,1
042018.jpg,1
012461.jpg,1
051027.jpg,1
151031.jpg,1
004990.jpg,1
183755.jpg,1
156754.jpg,1
010715.jpg,1
188180.jpg,2
109647.jpg,2
200491.jpg,2
200479.jpg,2
003591.jpg,2
126701.jpg,2
106262.jpg,2
055215.jpg,2
200088.jpg,2
165968.jpg,2
030712.jpg,2
113352.jpg,2
003295.jpg,2
015619.jpg,2
015746.jpg,2
031144.jpg,2
140730.jpg,2
173039.jpg,2
075918.jpg,2
084214.jpg,2
018506.jpg,2
145828.jpg,2
146129.jpg,2
000232.jpg,2
028164.jpg,2
102093.jpg,2
095457.jpg,2
171032.jpg,2
196163.jpg,2
026731.jpg,2
176707.jpg,2
178261.jpg,2
066877.jpg,2
159950.jpg,2
194272.jpg,2
184807.jpg,2
093199.jpg,2
178274.jpg,2
150773.jpg,2
104629.jpg,2
110937.jpg,2
055455.jpg,2
085189.jpg,2
013912.jpg,2
196206.jpg,2
017476.jpg,2
117832.jpg,2
188820.jpg,2
014792.jpg,2
062322.jpg,2
080905.jpg,2
064154.jpg,2
002689.jpg,2
026425.jpg,2
011497.jpg,2
175410.jpg,2
081472.jpg,2
165339.jpg,2
047716.jpg,2
132818.jpg,2
092012.jpg,2
010806.jpg,2
054708.jpg,2
182707.jpg,2
069186.jpg,2
044140.jpg,2
073940.jpg,2
010092.jpg,2
065971.jpg,2
170801.jpg,2
023472.jpg,2
161023.jpg,2
022100.jpg,2
195904.jpg,2
039838.jpg,2
067568.jpg,2
056768.jpg,2
201899.jpg,2
114473.jpg,2
008646.jpg,2
118577.jpg,2
054017.jpg,2
018405.jpg,2
158349.jpg,2
149888.jpg,2
189069.jpg,2
075968.jpg,2
155449.jpg,2
072373.jpg,2
078110.jpg,2
004185.jpg,2
131731.jpg,2
081062.jpg,2
096226.jpg,2
090741.jpg,2
198847.jpg,2
081991.jpg,2
105525.jpg,2
099286.jpg,2
176752.jpg,2
168744.jpg,2
138130.jpg,2
090439.jpg,2
010299.jpg,2
024739.jpg,2
127886.jpg,2
125654.jpg,2
057405.jpg,2
184014.jpg,2
053097.jpg,2
106212.jpg,2
121707.jpg,2
023653.jpg,2
121341.jpg,2
190696.jpg,2
164999.jpg,2
147941.jpg,2
184918.jpg,2
076149.jpg,2
133170.jpg,2
091146.jpg,2
023416.jpg,2
112491.jpg,2
005334.jpg,2
145119.jpg,2
139796.jpg,2
148921.jpg,2
172956.jpg,2
059056.jpg,2
161037.jpg,2
062799.jpg,2
100022.jpg,2
058221.jpg,2
114948.jpg,2
015700.jpg,2
047619.jpg,2
083729.jpg,2
193030.jpg,2
113649.jpg,2
113110.jpg,2
124813.jpg,2
136358.jpg,2
123554.jpg,2
043768.jpg,2
150998.jpg,2
096488.jpg,2
074818.jpg,2
014229.jpg,2
007892.jpg,2
101268.jpg,2
074717.jpg,2
112140.jpg,2
032677.jpg,2
115173.jpg,2
099804.jpg,2
172182.jpg,2
059435.jpg,2
196198.jpg,2
109909.jpg,2
075272.jpg,2
002555.jpg,2
039022.jpg,2
001347.jpg,2
200463.jpg,2
010305.jpg,2
117522.jpg,2
046244.jpg,2
065208.jpg,2
102784.jpg,2
034526.jpg,2
184610.jpg,2
035205.jpg,2
119612.jpg,2
195851.jpg,2
171005.jpg,2
007577.jpg,2
148352.jpg,2
007783.jpg,2
077644.jpg,2
019355.jpg,2
186415.jpg,2
046733.jpg,2
160055.jpg,2
117390.jpg,2
086380.jpg,2
047048.jpg,2
082107.jpg,2
146127.jpg,2
145715.jpg,2
088149.jpg,2
179728.jpg,2
148645.jpg,2
189263.jpg,2
191468.jpg,2
015763.jpg,2
033969.jpg,2
197365.jpg,2
058148.jpg,2
197761.jpg,2
096802.jpg,2
065672.jpg,2
149268.jpg,2
180072.jpg,2
009409.jpg,2
112335.jpg,2
043854.jpg,2
191357.jpg,2
098012.jpg,2
000110.jpg,2
131797.jpg,2
133952.jpg,2
039857.jpg,2
141911.jpg,2
157278.jpg,2
144143.jpg,2
130745.jpg,2
163058.jpg,2
045638.jpg,2
091032.jpg,2
144506.jpg,2
058697.jpg,2
068313.jpg,2
043980.jpg,2
130287.jpg,2
119308.jpg,2
020121.jpg,2
159907.jpg,2
165050.jpg,2
102394.jpg,2
051409.jpg,2
022823.jpg,2
120773.jpg,2
068105.jpg,2
156128.jpg,2
135442.jpg,2
088247.jpg,2
157095.jpg,2
186458.jpg,2
132557.jpg,2
195002.jpg,2
177983.jpg,2
159199.jpg,2
043427.jpg,2
003869.jpg,2
015200.jpg,2
084115.jpg,2
083807.jpg,2
077307.jpg,2
160542.jpg,2
034338.jpg,2
042473.jpg,2
064331.jpg,2
125656.jpg,2
111485.jpg,2
183653.jpg,2
159096.jpg,2
003692.jpg,2
136955.jpg,2
046912.jpg,2
096809.jpg,2
000531.jpg,2
028252.jpg,2
181764.jpg,2
102516.jpg,2
070056.jpg,2
023785.jpg,2
055881.jpg,2
077462.jpg,2
164714.jpg,2
137812.jpg,2
192042.jpg,2
118134.jpg,2
071816.jpg,2
097188.jpg,2
073289.jpg,2
168986.jpg,2
089506.jpg,2
051447.jpg,2
038320.jpg,2
166767.jpg,2
168550.jpg,2
082184.jpg,2
085819.jpg,2
201906.jpg,2
161392.jpg,2
125068.jpg,2
072635.jpg,2
051499.jpg,2
176124.jpg,2
170091.jpg,2
001130.jpg,2
176433.jpg,2
056355.jpg,2
026179.jpg,2
075881.jpg,2
127431.jpg,2
006707.jpg,2
094362.jpg,2
134420.jpg,2
067103.jpg,2
058652.jpg,2
141495.jpg,2
122807.jpg,2
193646.jpg,2
023233.jpg,2
103006.jpg,2
194081.jpg,2
179528.jpg,2
025078.jpg,2
124019.jpg,2
135424.jpg,2
020624.jpg,2
073916.jpg,2
129978.jpg,2
135121.jpg,2
003596.jpg,2
012936.jpg,2
068990.jpg,2
123434.jpg,2
111542.jpg,2
116808.jpg,2
016366.jpg,2
075264.jpg,2
088152.jpg,2
143125.jpg,2
058748.jpg,2
067053.jpg,2
024400.jpg,2
128303.jpg,2
024871.jpg,2
192911.jpg,2
197008.jpg,2
031940.jpg,2
051828.jpg,2
156449.jpg,2
172097.jpg,2
091897.jpg,2
094646.jpg,2
175537.jpg,2
198933.jpg,2
033003.jpg,2
040786.jpg,2
180163.jpg,2
060949.jpg,2
079184.jpg,2
189506.jpg,2
108823.jpg,2
018540.jpg,2
117791.jpg,2
082619.jpg,2
114674.jpg,2
075633.jpg,2
137994.jpg,2
201984.jpg,2
158654.jpg,2
065117.jpg,2
136035.jpg,2
120626.jpg,2
162352.jpg,2
191962.jpg,2
085429.jpg,2
108219.jpg,2
106978.jpg,2
190299.jpg,2
110110.jpg,2
119752.jpg,2
109520.jpg,2
122497.jpg,2
051374.jpg,2
052369.jpg,2
163148.jpg,2
047159.jpg,2
130576.jpg,2
142911.jpg,2
165593.jpg,2
013335.jpg,2
010345.jpg,2
146848.jpg,2
124953.jpg,2
041781.jpg,2
081303.jpg,2
020105.jpg,2
140202.jpg,2
108935.jpg,2
166811.jpg,2
064473.jpg,2
078709.jpg,2
194518.jpg,2
149033.jpg,2
021457.jpg,2
028989.jpg,2
188600.jpg,2
018556.jpg,2
197907.jpg,2
180534.jpg,2
130762.jpg,2
176675.jpg,2
122142.jpg,2
151752.jpg,2
048770.jpg,2
149326.jpg,2
028539.jpg,2
163981.jpg,2
132407.jpg,2
157306.jpg,2
012711.jpg,2
041207.jpg,2
089715.jpg,2
131517.jpg,2
057695.jpg,2
191821.jpg,2
143772.jpg,2
194673.jpg,2
023095.jpg,2
116656.jpg,2
166376.jpg,2
102398.jpg,2
181324.jpg,2
126911.jpg,2
094552.jpg,2
012980.jpg,2
063793.jpg,2
081833.jpg,2
076102.jpg,2
033429.jpg,2
170972.jpg,2
016524.jpg,2
065181.jpg,2
183811.jpg,2
030320.jpg,2
155098.jpg,2
116788.jpg,2
165804.jpg,2
002427.jpg,2
005848.jpg,2
022669.jpg,2
183426.jpg,2
070067.jpg,2
178141.jpg,2
019232.jpg,2
201977.jpg,2
015296.jpg,2
075649.jpg,2
004219.jpg,2
191809.jpg,2
015083.jpg,2
086605.jpg,2
160097.jpg,2
087585.jpg,2
059955.jpg,2
077077.jpg,2
125838.jpg,2
075601.jpg,2
142199.jpg,2
048054.jpg,2
036204.jpg,2
166234.jpg,2
102339.jpg,2
091754.jpg,2
142891.jpg,2
053219.jpg,2
182805.jpg,2
172328.jpg,2
159658.jpg,2
083615.jpg,2
195701.jpg,2
064415.jpg,2
130034.jpg,2
052628.jpg,2
078828.jpg,2
109031.jpg,2
040876.jpg,2
160338.jpg,2
137468.jpg,2
040726.jpg,2
091734.jpg,2
017767.jpg,2
007529.jpg,2
026296.jpg,2
040131.jpg,2
121419.jpg,2
101982.jpg,2
112800.jpg,2
155202.jpg,2
099447.jpg,2
000325.jpg,2
151333.jpg,2
036865.jpg,2
089586.jpg,2
180559.jpg,2
053673.jpg,2
012676.jpg,2
060113.jpg,2
157780.jpg,2
121424.jpg,2
188571.jpg,2
145338.jpg,2
066230.jpg,2
002755.jpg,2
161918.jpg,2
090432.jpg,2
110836.jpg,2
184502.jpg,2
108494.jpg,2
108701.jpg,2
126872.jpg,2
142184.jpg,2
150312.jpg,2
013018.jpg,2
082963.jpg,2
048420.jpg,2
122372.jpg,2
061857.jpg,2
031571.jpg,2
198044.jpg,2
052861.jpg,2
104433.jpg,2
160976.jpg,2
119067.jpg,2
063096.jpg,2
122917.jpg,2
198823.jpg,2
168549.jpg,2
169895.jpg,2
074298.jpg,2
073332.jpg,2
013752.jpg,2
022992.jpg,2
003949.jpg,2
190266.jpg,2
155828.jpg,2
115423.jpg,2
066408.jpg,2
015249.jpg,2
105182.jpg,2
143962.jpg,2
026651.jpg,2
159852.jpg,2
069510.jpg,2
085872.jpg,2
093853.jpg,2
094580.jpg,2
067413.jpg,2
163985.jpg,2
067210.jpg,2
091917.jpg,2
180985.jpg,2
201370.jpg,2
027439.jpg,2
098196.jpg,2
170169.jpg,2
081226.jpg,2
027304.jpg,2
043122.jpg,2
149191.jpg,2
032845.jpg,2
011324.jpg,2
019594.jpg,2
007219.jpg,2
117174.jpg,2
110637.jpg,2
061781.jpg,2
120248.jpg,2
165792.jpg,2
057725.jpg,2
028171.jpg,2
018420.jpg,2
165543.jpg,2
070388.jpg,2
066289.jpg,2
136918.jpg,2
021141.jpg,2
025301.jpg,2
137287.jpg,2
012902.jpg,2
035931.jpg,2
186857.jpg,2
121647.jpg,2
072957.jpg,2
006933.jpg,2
148516.jpg,2
047904.jpg,2
179695.jpg,2
044577.jpg,2
008564.jpg,2
013745.jpg,2
012673.jpg,2
058650.jpg,2
083525.jpg,2
045545.jpg,2
198994.jpg,2
084670.jpg,2
112301.jpg,2
188652.jpg,2
018090.jpg,2
169991.jpg,2
091736.jpg,2
138720.jpg,2
170436.jpg,2
193627.jpg,2
068719.jpg,2
147892.jpg,2
135537.jpg,2
198164.jpg,2
183158.jpg,2
106953.jpg,2
135272.jpg,2
200570.jpg,2
174340.jpg,2
064890.jpg,2
106911.jpg,2
107354.jpg,2
173327.jpg,2
075425.jpg,2
012594.jpg,2
109000.jpg,2
124036.jpg,2
029840.jpg,2
162367.jpg,2
108904.jpg,2
185784.jpg,2
125934.jpg,2
132894.jpg,2
004039.jpg,2
131057.jpg,2
044639.jpg,2
156230.jpg,2
020867.jpg,2
104886.jpg,2
198057.jpg,2
073124.jpg,2
187867.jpg,2
115272.jpg,2
173923.jpg,2
017638.jpg,2
107810.jpg,2
003706.jpg,2
045602.jpg,2
181589.jpg,2
109925.jpg,2
143016.jpg,2
166454.jpg,2
076039.jpg,2
033287.jpg,2
081569.jpg,2
082457.jpg,2
030352.jpg,2
018214.jpg,2
187917.jpg,2
155393.jpg,2
115033.jpg,2
099867.jpg,2
033968.jpg,2
073551.jpg,2
108890.jpg,2
037563.jpg,2
196110.jpg,2
058990.jpg,2
153308.jpg,2
200541.jpg,2
015770.jpg,2
045323.jpg,2
139056.jpg,2
176528.jpg,2
198583.jpg,2
177644.jpg,2
200416.jpg,2
131527.jpg,2
159035.jpg,2
116311.jpg,2
090218.jpg,2
053005.jpg,2
094599.jpg,2
120177.jpg,2
183946.jpg,2
145415.jpg,2
149351.jpg,2
137252.jpg,2
192120.jpg,2
000167.jpg,2
083902.jpg,2
031291.jpg,2
159248.jpg,2
118576.jpg,2
175158.jpg,2
164498.jpg,2
022613.jpg,2
102891.jpg,2
035555.jpg,2
096267.jpg,2
048696.jpg,2
136346.jpg,2
048511.jpg,2
055328.jpg,2
040107.jpg,2
119143.jpg,2
049792.jpg,2
060888.jpg,2
134750.jpg,2
140426.jpg,2
008520.jpg,2
036776.jpg,2
036406.jpg,2
054074.jpg,2
132497.jpg,2
171961.jpg,2
159865.jpg,2
199357.jpg,2
016023.jpg,2
007627.jpg,2
028438.jpg,2
017499.jpg,2
193612.jpg,2
137522.jpg,2
044170.jpg,2
122455.jpg,2
131135.jpg,2
081425.jpg,2
148298.jpg,2
163916.jpg,2
070776.jpg,2
104355.jpg,2
093116.jpg,2
072775.jpg,2
187761.jpg,2
033224.jpg,2
115293.jpg,2
032307.jpg,2
117069.jpg,2
053236.jpg,2
114846.jpg,2
148616.jpg,2
019332.jpg,2
113140.jpg,2
036087.jpg,2
128385.jpg,2
009093.jpg,2
028821.jpg,2
107221.jpg,2
085720.jpg,2
195512.jpg,2
128976.jpg,2
133957.jpg,2
008251.jpg,2
040281.jpg,2
111763.jpg,2
189021.jpg,2
187988.jpg,2
003233.jpg,2
193867.jpg,2
048499.jpg,2
023055.jpg,2
161237.jpg,2
147893.jpg,2
111482.jpg,2
077318.jpg,2
130405.jpg,2
180242.jpg,2
006720.jpg,2
029608.jpg,2
179411.jpg,2
152809.jpg,2
176727.jpg,2
083068.jpg,2
172568.jpg,2
026104.jpg,2
196753.jpg,2
190853.jpg,2
091306.jpg,2
174798.jpg,2
139378.jpg,2
073826.jpg,2
116060.jpg,2
090449.jpg,2
109752.jpg,2
009234.jpg,2
041945.jpg,2
107003.jpg,2
100108.jpg,2
102064.jpg,2
066399.jpg,2
103713.jpg,2
179262.jpg,2
130324.jpg,2
191634.jpg,2
145633.jpg,2
019604.jpg,2
107366.jpg,2
169639.jpg,2
102897.jpg,2
095985.jpg,2
173318.jpg,2
006704.jpg,2
010421.jpg,2
114337.jpg,2
078787.jpg,2
081822.jpg,2
078755.jpg,2
168059.jpg,2
180180.jpg,2
187251.jpg,2
107841.jpg,2
192801.jpg,2
076363.jpg,2
104339.jpg,2
130356.jpg,2
088959.jpg,2
035557.jpg,2
177126.jpg,2
173105.jpg,2
069349.jpg,2
098527.jpg,2
050838.jpg,2
054510.jpg,2
180183.jpg,2
106535.jpg,2
119887.jpg,2
106070.jpg,2
183817.jpg,2
091666.jpg,2
030414.jpg,2
192350.jpg,2
101998.jpg,2
021819.jpg,2
179520.jpg,2
029455.jpg,2
054894.jpg,2
123979.jpg,2
008878.jpg,2
131811.jpg,2
179416.jpg,2
119220.jpg,2
077468.jpg,2
193254.jpg,2
116644.jpg,2
086409.jpg,2
189937.jpg,2
152178.jpg,2
053714.jpg,2
039110.jpg,2
057227.jpg,2
007637.jpg,2
200456.jpg,2
113509.jpg,2
053944.jpg,2
156164.jpg,2
199311.jpg,2
129080.jpg,2
165709.jpg,2
019254.jpg,2
202262.jpg,2
187333.jpg,2
069266.jpg,2
167915.jpg,2
003532.jpg,2
187685.jpg,2
031721.jpg,2
106957.jpg,2
022059.jpg,2
019123.jpg,2
126523.jpg,2
155761.jpg,2
106106.jpg,2
090909.jpg,2
031348.jpg,2
065111.jpg,2
109875.jpg,2
079288.jpg,2
077025.jpg,2
117594.jpg,2
073868.jpg,2
030382.jpg,2
068043.jpg,2
034698.jpg,2
001320.jpg,2
045359.jpg,2
049819.jpg,2
055771.jpg,2
082110.jpg,2
192028.jpg,2
140624.jpg,2
193678.jpg,2
070957.jpg,2
196884.jpg,2
179036.jpg,2
156962.jpg,2
017446.jpg,2
117654.jpg,2
196451.jpg,2
047427.jpg,2
022713.jpg,2
137654.jpg,2
066156.jpg,2
175330.jpg,2
195712.jpg,2
038182.jpg,2
170196.jpg,2
162496.jpg,2
027860.jpg,2
139458.jpg,2
115373.jpg,2
120815.jpg,2
067065.jpg,2
191727.jpg,2
095822.jpg,2
063355.jpg,2
113898.jpg,2
077760.jpg,2
062545.jpg,2
173024.jpg,2
010208.jpg,2
037725.jpg,2
014779.jpg,2
004362.jpg,2
178696.jpg,2
114333.jpg,2
048991.jpg,2
050411.jpg,2
159622.jpg,2
158773.jpg,2
130332.jpg,2
000718.jpg,2
177785.jpg,2
107583.jpg,2
140282.jpg,2
019765.jpg,2
184122.jpg,2
064436.jpg,2
013761.jpg,2
111772.jpg,2
109797.jpg,2
161534.jpg,2
128904.jpg,2
151398.jpg,2
039041.jpg,2
144525.jpg,2
021747.jpg,2
002674.jpg,2
050948.jpg,2
015351.jpg,2
170744.jpg,2
140125.jpg,2
013872.jpg,2
092273.jpg,2
061425.jpg,2
107967.jpg,2
078424.jpg,2
089435.jpg,2
109184.jpg,2
170522.jpg,2
081766.jpg,2
094388.jpg,2
122181.jpg,2
202489.jpg,2
115957.jpg,2
114449.jpg,2
115581.jpg,2
138137.jpg,2
192357.jpg,2
101868.jpg,2
000343.jpg,2
152682.jpg,2
058749.jpg,2
179077.jpg,2
175701.jpg,2
056927.jpg,2
015825.jpg,2
100529.jpg,2
119763.jpg,2
113960.jpg,2
155159.jpg,2
156576.jpg,2
132169.jpg,2
046762.jpg,2
076928.jpg,2
036694.jpg,2
168747.jpg,2
085073.jpg,2
160529.jpg,2
065693.jpg,2
005921.jpg,2
193249.jpg,2
178377.jpg,2
007075.jpg,2
022767.jpg,2
006025.jpg,2
033482.jpg,2
098332.jpg,2
185578.jpg,2
158742.jpg,2
116671.jpg,2
174176.jpg,2
153483.jpg,2
163049.jpg,2
006850.jpg,2
011230.jpg,2
065626.jpg,2
064353.jpg,2
068758.jpg,2
135697.jpg,2
114353.jpg,2
164901.jpg,2
162356.jpg,2
090790.jpg,2
132056.jpg,2
153750.jpg,2
160069.jpg,2
071388.jpg,2
084347.jpg,2
016538.jpg,2
181894.jpg,2
030084.jpg,2
077447.jpg,2
188884.jpg,2
019754.jpg,2
130447.jpg,2
067938.jpg,2
200499.jpg,2
136115.jpg,2
073655.jpg,2
199852.jpg,2
033835.jpg,2
114684.jpg,2
008904.jpg,2
098841.jpg,2
160131.jpg,2
030172.jpg,2
017028.jpg,2
191486.jpg,2
012500.jpg,2
143976.jpg,2
159296.jpg,2
032413.jpg,2
070975.jpg,2
020719.jpg,2
096312.jpg,2
133399.jpg,2
013922.jpg,2
134916.jpg,2
076437.jpg,2
054323.jpg,2
126619.jpg,2
058383.jpg,2
105006.jpg,2
115814.jpg,2
077867.jpg,2
170352.jpg,2
022240.jpg,2
110418.jpg,2
196104.jpg,2
097748.jpg,2
045722.jpg,2
090644.jpg,2
154139.jpg,2
188955.jpg,2
050821.jpg,2
083303.jpg,2
090425.jpg,2
129855.jpg,2
063264.jpg,2
049854.jpg,2
055140.jpg,2
035875.jpg,2
076008.jpg,2
112041.jpg,2
037373.jpg,2
041445.jpg,2
087717.jpg,2
201155.jpg,2
050808.jpg,2
024504.jpg,2
126493.jpg,2
090834.jpg,2
110625.jpg,2
022256.jpg,2
052883.jpg,2
118626.jpg,2
174885.jpg,2
193953.jpg,2
004686.jpg,2
195604.jpg,2
126653.jpg,2
161957.jpg,2
037274.jpg,2
008135.jpg,2
095191.jpg,2
193053.jpg,2
044283.jpg,2
051045.jpg,2
162519.jpg,2
050405.jpg,2
049348.jpg,2
122222.jpg,2
071076.jpg,2
090941.jpg,2
042513.jpg,2
151158.jpg,2
160291.jpg,2
119210.jpg,2
132124.jpg,2
005308.jpg,2
185514.jpg,2
106077.jpg,2
170388.jpg,2
004241.jpg,2
134033.jpg,2
112210.jpg,2
201267.jpg,2
097630.jpg,2
114446.jpg,2
161956.jpg,2
060258.jpg,2
127420.jpg,2
118869.jpg,2
075584.jpg,2
163380.jpg,2
201234.jpg,2
038072.jpg,2
130188.jpg,2
118135.jpg,2
180920.jpg,2
091350.jpg,2
036013.jpg,2
006579.jpg,2
092563.jpg,2
166780.jpg,2
103721.jpg,2
086020.jpg,2
020172.jpg,2
079112.jpg,2
135356.jpg,2
102468.jpg,2
039025.jpg,2
075096.jpg,2
048759.jpg,2
006436.jpg,2
192309.jpg,2
104836.jpg,2
073829.jpg,2
135279.jpg,2
070557.jpg,2
006648.jpg,2
186242.jpg,2
148815.jpg,2
023126.jpg,2
118650.jpg,2
036752.jpg,2
175545.jpg,2
016081.jpg,2
185327.jpg,2
144990.jpg,2
073679.jpg,2
169610.jpg,2
047977.jpg,2
180770.jpg,2
059492.jpg,2
047080.jpg,2
021698.jpg,2
073520.jpg,2
067658.jpg,2
014742.jpg,2
182886.jpg,2
106231.jpg,2
104000.jpg,2
018164.jpg,2
034455.jpg,2
073914.jpg,2
133368.jpg,2
142020.jpg,2
196307.jpg,2
196994.jpg,2
101133.jpg,2
113920.jpg,2
002896.jpg,2
202239.jpg,2
195811.jpg,2
008402.jpg,2
129912.jpg,2
075697.jpg,2
052325.jpg,2
065867.jpg,2
187366.jpg,2
054762.jpg,2
036501.jpg,2
187365.jpg,2
020025.jpg,2
133911.jpg,2
159438.jpg,2
099156.jpg,2
069109.jpg,2
152913.jpg,2
183571.jpg,2
197982.jpg,2
137946.jpg,2
182020.jpg,2
151193.jpg,2
074374.jpg,2
161541.jpg,2
065917.jpg,2
171462.jpg,2
102819.jpg,2
187123.jpg,2
057824.jpg,2
058956.jpg,2
050247.jpg,2
003552.jpg,2
064235.jpg,2
082711.jpg,2
036527.jpg,2
065827.jpg,2
054870.jpg,2
120965.jpg,2
096622.jpg,2
063191.jpg,2
001727.jpg,2
193159.jpg,2
138656.jpg,2
058712.jpg,2
056455.jpg,2
020230.jpg,2
081725.jpg,2
139092.jpg,2
108677.jpg,2
054180.jpg,2
058513.jpg,2
105924.jpg,2
095108.jpg,2
055904.jpg,2
188491.jpg,2
097755.jpg,2
048187.jpg,2
085011.jpg,2
195148.jpg,2
018273.jpg,2
011996.jpg,2
113805.jpg,2
100509.jpg,2
031055.jpg,2
109710.jpg,2
077254.jpg,2
091048.jpg,2
192676.jpg,2
061402.jpg,2
135197.jpg,2
142464.jpg,2
035629.jpg,2
177968.jpg,2
153818.jpg,2
100445.jpg,2
185691.jpg,2
135067.jpg,3
003277.jpg,3
096846.jpg,3
046472.jpg,3
108162.jpg,3
192825.jpg,3
095052.jpg,3
082506.jpg,3
008088.jpg,3
186002.jpg,3
055744.jpg,3
075789.jpg,3
111744.jpg,3
135456.jpg,3
084940.jpg,3
140283.jpg,3
113979.jpg,3
059185.jpg,3
117404.jpg,3
050049.jpg,3
101357.jpg,3
108848.jpg,3
030091.jpg,3
166884.jpg,3
160102.jpg,3
054919.jpg,3
142683.jpg,3
104200.jpg,3
087581.jpg,3
004769.jpg,3
005103.jpg,3
116866.jpg,3
129730.jpg,3
138075.jpg,3
083536.jpg,3
023847.jpg,3
096876.jpg,3
099213.jpg,3
129762.jpg,3
127492.jpg,3
082236.jpg,3
138312.jpg,3
047203.jpg,3
065580.jpg,3
074745.jpg,3
183049.jpg,3
039090.jpg,3
099054.jpg,3
178399.jpg,3
017994.jpg,3
117531.jpg,3
000993.jpg,3
029626.jpg,3
113848.jpg,3
044396.jpg,3
026212.jpg,3
043387.jpg,3
175291.jpg,3
117700.jpg,3
031206.jpg,3
038912.jpg,3
135155.jpg,3
130554.jpg,3
125076.jpg,3
116998.jpg,3
082374.jpg,3
082315.jpg,3
127209.jpg,3
037038.jpg,3
148708.jpg,3
198931.jpg,3
167206.jpg,3
149440.jpg,3
084332.jpg,3
083357.jpg,3
078142.jpg,3
038221.jpg,3
069670.jpg,3
172744.jpg,3
026379.jpg,3
133727.jpg,3
104356.jpg,3
123590.jpg,3
162812.jpg,3
057750.jpg,3
177476.jpg,3
125248.jpg,3
202359.jpg,3
100361.jpg,3
196780.jpg,3
182303.jpg,3
091072.jpg,3
072018.jpg,3
128230.jpg,3
137857.jpg,3
062567.jpg,3
127046.jpg,3
009992.jpg,3
038366.jpg,3
199586.jpg,3
118615.jpg,3
067544.jpg,3
158762.jpg,3
021356.jpg,3
033954.jpg,3
018024.jpg,3
095701.jpg,3
009350.jpg,3
145594.jpg,3
197503.jpg,3
175732.jpg,3
000779.jpg,3
187443.jpg,3
098283.jpg,3
086599.jpg,3
195629.jpg,3
123779.jpg,3
078434.jpg,3
043634.jpg,3
104796.jpg,3
127218.jpg,3
113963.jpg,3
069618.jpg,3
083959.jpg,3
050668.jpg,3
168199.jpg,3
157351.jpg,3
011245.jpg,3
039791.jpg,3
161022.jpg,3
097444.jpg,3
118103.jpg,3
101266.jpg,3
036057.jpg,3
170998.jpg,3
010852.jpg,3
139379.jpg,3
056159.jpg,3
190519.jpg,3
073886.jpg,3
158844.jpg,3
077695.jpg,3
030035.jpg,3
141417.jpg,3
115672.jpg,3
165721.jpg,3
113314.jpg,3
000733.jpg,3
074710.jpg,3
053874.jpg,3
198495.jpg,3
036717.jpg,3
059354.jpg,3
180911.jpg,3
090397.jpg,3
112771.jpg,3
118364.jpg,3
042207.jpg,3
094594.jpg,3
151551.jpg,3
036570.jpg,3
126541.jpg,3
023142.jpg,3
026828.jpg,3
201312.jpg,3
080283.jpg,3
128479.jpg,3
172868.jpg,3
065373.jpg,3
044225.jpg,3
121775.jpg,3
197898.jpg,3
171746.jpg,3
104585.jpg,3
109666.jpg,3
088565.jpg,3
084423.jpg,3
140047.jpg,3
105934.jpg,3
076638.jpg,3
027022.jpg,3
095616.jpg,3
168670.jpg,3
192550.jpg,3
112574.jpg,3
093977.jpg,3
175146.jpg,3
198885.jpg,3
178416.jpg,3
073640.jpg,3
093044.jpg,3
124500.jpg,3
187005.jpg,3
065344.jpg,3
010232.jpg,3
130705.jpg,3
048994.jpg,3
002671.jpg,3
170791.jpg,3
117897.jpg,3
137271.jpg,3
080212.jpg,3
109201.jpg,3
048032.jpg,3
180340.jpg,3
178712.jpg,3
174418.jpg,3
085889.jpg,3
195703.jpg,3
175622.jpg,3
163322.jpg,3
068187.jpg,3
014679.jpg,3
106372.jpg,3
155007.jpg,3
108165.jpg,3
191755.jpg,3
201862.jpg,3
003858.jpg,3
159969.jpg,3
027470.jpg,3
120911.jpg,3
126710.jpg,3
104228.jpg,3
136574.jpg,3
170503.jpg,3
059285.jpg,3
061897.jpg,3
044769.jpg,3
109844.jpg,3
180009.jpg,3
036017.jpg,3
138916.jpg,3
100127.jpg,3
012210.jpg,3
005591.jpg,3
091026.jpg,3
171820.jpg,3
043968.jpg,3
155900.jpg,3
158811.jpg,3
070487.jpg,3
077071.jpg,3
092650.jpg,3
168902.jpg,3
129726.jpg,3
104693.jpg,3
112209.jpg,3
077780.jpg,3
000850.jpg,3
046709.jpg,3
153540.jpg,3
035391.jpg,3
154365.jpg,3
188304.jpg,3
117354.jpg,3
023297.jpg,3
000714.jpg,3
058997.jpg,3
079152.jpg,3
028851.jpg,3
082153.jpg,3
180344.jpg,3
113833.jpg,3
194029.jpg,3
133822.jpg,3
164469.jpg,3
142030.jpg,3
101560.jpg,3
135290.jpg,3
046272.jpg,3
071758.jpg,3
185600.jpg,3
118582.jpg,3
174167.jpg,3
194043.jpg,3
178999.jpg,3
042775.jpg,3
124034.jpg,3
112929.jpg,3
182111.jpg,3
128232.jpg,3
190725.jpg,3
173322.jpg,3
061904.jpg,3
151834.jpg,3
120478.jpg,3
189855.jpg,3
057154.jpg,3
081392.jpg,3
085589.jpg,3
016536.jpg,3
079895.jpg,3
006092.jpg,3
000490.jpg,3
076719.jpg,3
180898.jpg,3
011167.jpg,3
073271.jpg,3
072735.jpg,3
093880.jpg,3
089781.jpg,3
175695.jpg,3
044047.jpg,3
180742.jpg,3
173435.jpg,3
089664.jpg,3
142096.jpg,3
093652.jpg,3
176507.jpg,3
127350.jpg,3
032684.jpg,3
076276.jpg,3
040504.jpg,3
012475.jpg,3
183404.jpg,3
103471.jpg,3
043841.jpg,3
172810.jpg,3
068017.jpg,3
138753.jpg,3
077585.jpg,3
106928.jpg,3
178214.jpg,3
010940.jpg,3
020818.jpg,3
011938.jpg,3
176531.jpg,3
018087.jpg,3
030127.jpg,3
069259.jpg,3
094606.jpg,3
080364.jpg,3
042384.jpg,3
178444.jpg,3
048139.jpg,3
081993.jpg,3
148675.jpg,3
106491.jpg,3
120865.jpg,3
165016.jpg,3
086202.jpg,3
037829.jpg,3
083157.jpg,3
045936.jpg,3
159482.jpg,3
087499.jpg,3
071012.jpg,3
114058.jpg,3
149900.jpg,3
002883.jpg,3
055130.jpg,3
054819.jpg,3
186076.jpg,3
005593.jpg,3
036382.jpg,3
179009.jpg,3
140135.jpg,3
156506.jpg,3
069665.jpg,3
120018.jpg,3
148085.jpg,3
166025.jpg,3
129437.jpg,3
175379.jpg,3
120445.jpg,3
088550.jpg,3
111210.jpg,3
028605.jpg,3
090388.jpg,3
035021.jpg,3
115493.jpg,3
085062.jpg,3
037344.jpg,3
135911.jpg,3
034329.jpg,3
026276.jpg,3
088070.jpg,3
042419.jpg,3
074724.jpg,3
077449.jpg,3
040186.jpg,3
154168.jpg,3
003955.jpg,3
124982.jpg,3
011634.jpg,3
005033.jpg,3
040988.jpg,3
086626.jpg,3
154030.jpg,3
166861.jpg,3
169307.jpg,3
158849.jpg,3
180797.jpg,3
181478.jpg,3
175867.jpg,3
130095.jpg,3
098782.jpg,3
151457.jpg,3
155884.jpg,3
128262.jpg,3
129728.jpg,3
081761.jpg,3
173563.jpg,3
095200.jpg,3
014537.jpg,3
029013.jpg,3
080196.jpg,3
042027.jpg,3
166049.jpg,3
193575.jpg,3
110964.jpg,3
000729.jpg,3
033278.jpg,3
038974.jpg,3
114536.jpg,3
089550.jpg,3
087785.jpg,3
066934.jpg,3
121852.jpg,3
094402.jpg,3
136830.jpg,3
089195.jpg,3
164906.jpg,3
033566.jpg,3
088508.jpg,3
109522.jpg,3
128423.jpg,3
194989.jpg,3
055429.jpg,3
180411.jpg,3
038050.jpg,3
131705.jpg,3
126609.jpg,3
164930.jpg,3
168263.jpg,3
115962.jpg,3
061620.jpg,3
002632.jpg,3
082631.jpg,3
072577.jpg,3
177650.jpg,3
098706.jpg,3
139546.jpg,3
081360.jpg,3
116147.jpg,3
144330.jpg,3
123370.jpg,3
106248.jpg,3
178367.jpg,3
142931.jpg,3
053763.jpg,3
087923.jpg,3
012193.jpg,3
112946.jpg,3
079023.jpg,3
018895.jpg,3
133345.jpg,3
129147.jpg,3
035541.jpg,3
147996.jpg,3
011747.jpg,3
166945.jpg,3
175891.jpg,3
046970.jpg,3
110394.jpg,3
162198.jpg,3
051874.jpg,3
024318.jpg,3
086804.jpg,3
167282.jpg,3
142949.jpg,3
051468.jpg,3
174148.jpg,3
031731.jpg,3
136855.jpg,3
028764.jpg,3
126388.jpg,3
000336.jpg,3
135929.jpg,3
137282.jpg,3
122470.jpg,3
120827.jpg,3
157749.jpg,3
128322.jpg,3
062480.jpg,3
182609.jpg,3
119720.jpg,3
150188.jpg,3
176230.jpg,3
113910.jpg,3
179054.jpg,3
006656.jpg,3
097018.jpg,3
076070.jpg,3
068628.jpg,3
098284.jpg,3
085549.jpg,3
092033.jpg,3
014678.jpg,3
127324.jpg,3
091002.jpg,3
039621.jpg,3
099073.jpg,3
173988.jpg,3
166816.jpg,3
095957.jpg,3
138261.jpg,3
092521.jpg,3
094180.jpg,3
012483.jpg,3
038673.jpg,3
002900.jpg,3
043188.jpg,3
146523.jpg,3
022625.jpg,3
066014.jpg,3
033366.jpg,3
151666.jpg,3
160157.jpg,3
019971.jpg,3
135007.jpg,3
030892.jpg,3
067364.jpg,3
013239.jpg,3
129053.jpg,3
089916.jpg,3
109750.jpg,3
146481.jpg,3
192962.jpg,3
038451.jpg,3
146630.jpg,3
037057.jpg,3
000376.jpg,3
110712.jpg,3
199780.jpg,3
163498.jpg,3
039723.jpg,3
188963.jpg,3
099420.jpg,3
190335.jpg,3
063220.jpg,3
028245.jpg,3
116437.jpg,3
076555.jpg,3
062509.jpg,3
013444.jpg,3
144963.jpg,3
024956.jpg,3
045863.jpg,3
058412.jpg,3
127290.jpg,3
054654.jpg,3
129044.jpg,3
007057.jpg,3
162646.jpg,3
157286.jpg,3
196657.jpg,3
157481.jpg,3
184011.jpg,3
003089.jpg,3
026354.jpg,3
029106.jpg,3
141190.jpg,3
003066.jpg,3
007599.jpg,3
068228.jpg,3
074498.jpg,3
067262.jpg,3
186981.jpg,3
177836.jpg,3
150615.jpg,3
089261.jpg,3
155468.jpg,3
132417.jpg,3
071297.jpg,3
054499.jpg,3
156027.jpg,3
068792.jpg,3
100639.jpg,3
146779.jpg,3
045844.jpg,3
108478.jpg,3
141285.jpg,3
078027.jpg,3
122930.jpg,3
129514.jpg,3
016929.jpg,3
034115.jpg,3
174967.jpg,3
190832.jpg,3
127958.jpg,3
046360.jpg,3
035009.jpg,3
021045.jpg,3
039419.jpg,3
153682.jpg,3
024849.jpg,3
178398.jpg,3
185797.jpg,3
158786.jpg,3
090181.jpg,3
005175.jpg,3
132847.jpg,3
023083.jpg,3
063255.jpg,3
071273.jpg,3
163573.jpg,3
130801.jpg,3
125408.jpg,3
081714.jpg,3
183356.jpg,3
129229.jpg,3
139733.jpg,3
051076.jpg,3
093041.jpg,3
193524.jpg,3
172012.jpg,3
034089.jpg,3
127027.jpg,3
134501.jpg,3
113968.jpg,3
096569.jpg,3
159162.jpg,3
090519.jpg,3
096202.jpg,3
055113.jpg,3
067903.jpg,3
145244.jpg,3
111314.jpg,3
037395.jpg,3
142548.jpg,3
116969.jpg,3
063821.jpg,3
140804.jpg,3
010017.jpg,3
061311.jpg,3
079956.jpg,3
058216.jpg,3
139833.jpg,3
131687.jpg,3
092185.jpg,3
187972.jpg,3
040730.jpg,3
135315.jpg,3
139563.jpg,3
154195.jpg,3
164442.jpg,3
171622.jpg,3
167789.jpg,3
142241.jpg,3
105499.jpg,3
130338.jpg,3
032793.jpg,3
022681.jpg,3
110676.jpg,3
135576.jpg,3
115769.jpg,3
108601.jpg,3
131868.jpg,3
060993.jpg,3
167179.jpg,3
131462.jpg,3
061453.jpg,3
164164.jpg,3
003600.jpg,3
120221.jpg,3
030952.jpg,3
135467.jpg,3
161745.jpg,3
055184.jpg,3
045501.jpg,3
052870.jpg,3
024799.jpg,3
157852.jpg,3
035233.jpg,3
187644.jpg,3
170032.jpg,3
153068.jpg,3
012352.jpg,3
176878.jpg,3
165081.jpg,3
064389.jpg,3
107754.jpg,3
116531.jpg,3
057212.jpg,3
117326.jpg,3
133573.jpg,3
008754.jpg,3
166425.jpg,3
130995.jpg,3
124386.jpg,3
146455.jpg,3
038054.jpg,3
107407.jpg,3
030838.jpg,3
140198.jpg,3
004433.jpg,3
043959.jpg,3
076973.jpg,3
193440.jpg,3
119375.jpg,3
116226.jpg,3
176588.jpg,3
191872.jpg,3
084919.jpg,3
184323.jpg,3
052152.jpg,3
195816.jpg,3
163156.jpg,3
012066.jpg,3
118909.jpg,3
196819.jpg,3
177947.jpg,3
153422.jpg,3
190620.jpg,3
163694.jpg,3
106990.jpg,3
131998.jpg,3
055765.jpg,3
116843.jpg,3
159185.jpg,3
179863.jpg,3
071958.jpg,3
000908.jpg,3
145605.jpg,3
094238.jpg,3
166087.jpg,3
063984.jpg,3
008225.jpg,3
023629.jpg,3
181085.jpg,3
100536.jpg,3
168352.jpg,3
143403.jpg,3
010624.jpg,3
084025.jpg,3
112194.jpg,3
157556.jpg,3
201217.jpg,3
175109.jpg,3
129316.jpg,3
125827.jpg,3
194442.jpg,3
181371.jpg,3
152890.jpg,3
182831.jpg,3
097750.jpg,3
094420.jpg,3
170593.jpg,3
200396.jpg,3
080991.jpg,3
106435.jpg,3
036907.jpg,3
081841.jpg,3
179413.jpg,3
026979.jpg,3
088658.jpg,3
191917.jpg,3
165526.jpg,3
093838.jpg,3
171363.jpg,3
000833.jpg,3
132304.jpg,3
116612.jpg,3
044298.jpg,3
172214.jpg,3
050730.jpg,3
165500.jpg,3
017897.jpg,3
159297.jpg,3
114047.jpg,3
178991.jpg,3
114711.jpg,3
030356.jpg,3
198657.jpg,3
111684.jpg,3
067550.jpg,3
096805.jpg,3
108314.jpg,3
109593.jpg,3
115009.jpg,3
128746.jpg,3
105903.jpg,3
084079.jpg,3
108127.jpg,3
167998.jpg,3
050769.jpg,3
067098.jpg,3
087435.jpg,3
094717.jpg,3
153465.jpg,3
150543.jpg,3
096796.jpg,3
080646.jpg,3
178312.jpg,3
022158.jpg,3
174612.jpg,3
008695.jpg,3
034635.jpg,3
126447.jpg,3
144772.jpg,3
021328.jpg,3
022445.jpg,3
115882.jpg,3
016154.jpg,3
059450.jpg,3
030827.jpg,3
182431.jpg,3
106177.jpg,3
106527.jpg,3
187259.jpg,3
112943.jpg,3
015168.jpg,3
091317.jpg,3
112212.jpg,3
165861.jpg,3
003806.jpg,3
177349.jpg,3
132483.jpg,3
148591.jpg,3
006896.jpg,3
195080.jpg,3
031002.jpg,3
073383.jpg,3
042274.jpg,3
089070.jpg,3
129191.jpg,3
001171.jpg,3
070657.jpg,3
063024.jpg,3
106148.jpg,3
063053.jpg,3
039143.jpg,3
008342.jpg,3
101920.jpg,3
057226.jpg,3
084778.jpg,3
061956.jpg,3
123209.jpg,3
064939.jpg,3
177956.jpg,3
142546.jpg,3
064391.jpg,3
071891.jpg,3
087693.jpg,3
083155.jpg,3
165077.jpg,3
116593.jpg,3
133150.jpg,3
155150.jpg,3
038373.jpg,3
024502.jpg,3
016414.jpg,3
157888.jpg,3
057688.jpg,3
109758.jpg,3
183084.jpg,3
053654.jpg,3
136983.jpg,3
167516.jpg,3
183472.jpg,3
168304.jpg,3
169421.jpg,3
085369.jpg,3
059830.jpg,3
079634.jpg,3
083638.jpg,3
134263.jpg,3
169453.jpg,3
042214.jpg,3
003063.jpg,3
110695.jpg,3
197776.jpg,3
113981.jpg,3
078571.jpg,3
125161.jpg,3
079661.jpg,3
157622.jpg,3
043585.jpg,3
035498.jpg,3
131494.jpg,3
157329.jpg,3
135113.jpg,3
193934.jpg,3
156204.jpg,3
077715.jpg,3
132848.jpg,3
022954.jpg,3
111578.jpg,3
025881.jpg,3
113230.jpg,3
106786.jpg,3
136360.jpg,3
089669.jpg,3
118026.jpg,3
007921.jpg,3
162593.jpg,3
069204.jpg,3
024054.jpg,3
040298.jpg,3
065466.jpg,3
177613.jpg,3
133306.jpg,3
105556.jpg,3
059467.jpg,3
099395.jpg,3
077743.jpg,3
022660.jpg,3
129936.jpg,3
073131.jpg,3
097839.jpg,3
045680.jpg,3
164457.jpg,3
157609.jpg,3
172596.jpg,3
007070.jpg,3
081619.jpg,3
068518.jpg,3
168646.jpg,3
118983.jpg,3
156691.jpg,3
151782.jpg,3
170017.jpg,3
008241.jpg,3
132844.jpg,3
135680.jpg,3
073556.jpg,3
016569.jpg,3
183586.jpg,3
115315.jpg,3
056296.jpg,3
160318.jpg,3
090804.jpg,3
142659.jpg,3
005769.jpg,3
171568.jpg,3
182099.jpg,3
090805.jpg,3
145589.jpg,3
088575.jpg,3
100665.jpg,3
068230.jpg,3
026929.jpg,3
094845.jpg,3
105051.jpg,3
046586.jpg,3
098002.jpg,3
179068.jpg,3
174435.jpg,3
142507.jpg,3
005324.jpg,3
184579.jpg,3
000272.jpg,3
107878.jpg,3
025899.jpg,3
169784.jpg,3
090979.jpg,3
009540.jpg,3
026961.jpg,3
097892.jpg,3
057839.jpg,3
104330.jpg,3
065496.jpg,3
004751.jpg,3
074027.jpg,3
028267.jpg,3
117241.jpg,3
098727.jpg,3
064661.jpg,3
197197.jpg,3
113344.jpg,3
062873.jpg,3
026322.jpg,3
003010.jpg,3
005962.jpg,3
101169.jpg,3
004539.jpg,3
027528.jpg,3
181468.jpg,3
121507.jpg,3
061733.jpg,3
067803.jpg,3
159958.jpg,3
172073.jpg,3
041012.jpg,3
141547.jpg,3
018262.jpg,3
050727.jpg,3
126644.jpg,3
123793.jpg,3
174557.jpg,3
143161.jpg,3
056466.jpg,3
122897.jpg,3
094794.jpg,3
155298.jpg,3
102575.jpg,3
179134.jpg,3
011434.jpg,3
150268.jpg,3
140414.jpg,3
101770.jpg,3
095079.jpg,3
044311.jpg,3
063444.jpg,3
055869.jpg,3
182496.jpg,3
166028.jpg,3
163247.jpg,3
013751.jpg,3
087087.jpg,3
086156.jpg,3
177296.jpg,3
037827.jpg,3
017855.jpg,3
006296.jpg,3
134009.jpg,3
150586.jpg,3
028781.jpg,3
128250.jpg,3
202219.jpg,3
061228.jpg,3
105638.jpg,3
037061.jpg,3
043014.jpg,3
159285.jpg,3
047156.jpg,3
025385.jpg,3
175124.jpg,3
181950.jpg,3
018985.jpg,3
162551.jpg,3
178125.jpg,3
023056.jpg,3
076983.jpg,3
162286.jpg,3
200958.jpg,3
149378.jpg,3
039617.jpg,3
006557.jpg,3
079456.jpg,3
078334.jpg,3
116697.jpg,3
173434.jpg,3
065232.jpg,3
166273.jpg,3
099914.jpg,3
075709.jpg,3
030150.jpg,3
037895.jpg,3
165003.jpg,3
202242.jpg,3
177123.jpg,3
158171.jpg,3
064574.jpg,3
187921.jpg,3
060720.jpg,3
145662.jpg,3
158966.jpg,3
002151.jpg,3
070773.jpg,3
196948.jpg,3
043017.jpg,3
086281.jpg,3
158148.jpg,3
073855.jpg,3
119924.jpg,3
003333.jpg,3
101536.jpg,3
118197.jpg,3
053298.jpg,3
042774.jpg,3
142373.jpg,3
078849.jpg,3
037765.jpg,3
045587.jpg,3
201199.jpg,3
083425.jpg,3
067719.jpg,3
183072.jpg,3
038482.jpg,3
015889.jpg,3
017045.jpg,3
051084.jpg,3
194800.jpg,3
060631.jpg,3
032385.jpg,3
040557.jpg,3
180187.jpg,3
088815.jpg,3
011810.jpg,3
185803.jpg,3
041283.jpg,3
137393.jpg,3
149777.jpg,3
141941.jpg,3
092265.jpg,3
118123.jpg,3
053990.jpg,3
046181.jpg,3
145949.jpg,3
066376.jpg,3
173287.jpg,3
172382.jpg,3
171843.jpg,3
200870.jpg,3
007805.jpg,3
074049.jpg,3
002699.jpg,3
100755.jpg,3
046523.jpg,3
152282.jpg,3
130931.jpg,3
011068.jpg,3
045583.jpg,3
108349.jpg,3
147684.jpg,3
173141.jpg,3
128649.jpg,3
118957.jpg,3
097277.jpg,3
072806.jpg,3
038626.jpg,3
061788.jpg,3
143305.jpg,3
125061.jpg,3
166805.jpg,3
179546.jpg,3
003805.jpg,3
079864.jpg,3
003751.jpg,3
110157.jpg,3
178068.jpg,3
085374.jpg,3
059464.jpg,3
186795.jpg,3
157849.jpg,3
129914.jpg,3
122237.jpg,3
202248.jpg,3
139896.jpg,3
123189.jpg,3
071982.jpg,3
171025.jpg,3
071933.jpg,3
186171.jpg,3
033786.jpg,3
054536.jpg,3
079246.jpg,3
002039.jpg,3
174677.jpg,3
104303.jpg,3
113504.jpg,3
048208.jpg,3
067674.jpg,3
007731.jpg,3
187539.jpg,3
138877.jpg,3
079435.jpg,3
139438.jpg,3
109962.jpg,3
172613.jpg,3
151925.jpg,3
189874.jpg,3
024382.jpg,3
068298.jpg,3
088325.jpg,3
088398.jpg,3
092737.jpg,3
163374.jpg,3
059564.jpg,3
091404.jpg,3
175959.jpg,3
168857.jpg,3
158109.jpg,3
166859.jpg,3
194996.jpg,3
171747.jpg,3
031949.jpg,3
017483.jpg,3
139318.jpg,3
112908.jpg,3
146742.jpg,3
135743.jpg,3
154349.jpg,3
132081.jpg,3
137850.jpg,3
128492.jpg,3
158317.jpg,3
055135.jpg,3
068654.jpg,3
091353.jpg,3
092589.jpg,3
074621.jpg,3
008189.jpg,3
032114.jpg,3
148082.jpg,3
048652.jpg,3
040162.jpg,3
103513.jpg,3
120573.jpg,3
003098.jpg,3
156481.jpg,3
100250.jpg,3
156054.jpg,3
031161.jpg,3
177092.jpg,3
054282.jpg,3
023794.jpg,3
062391.jpg,3
120130.jpg,3
055722.jpg,3
144938.jpg,3
171864.jpg,3
119097.jpg,3
158903.jpg,3
187341.jpg,3
162351.jpg,3
046909.jpg,3
165317.jpg,3
133831.jpg,3
197155.jpg,3
086877.jpg,3
081295.jpg,3
179402.jpg,3
018610.jpg,3
107305.jpg,3
104794.jpg,3
008156.jpg,3
035016.jpg,3
166211.jpg,3
197554.jpg,3
056180.jpg,3
132386.jpg,3
064670.jpg,3
186740.jpg,3
041807.jpg,3
085193.jpg,3
080101.jpg,3
022555.jpg,3
076431.jpg,3
189944.jpg,3
053623.jpg,3
035176.jpg,3
170657.jpg,3
153492.jpg,3
013380.jpg,3
032239.jpg,3
065450.jpg,3
