Reconstruction error,Residual variance,Output dimension,Number of neighbors,KNN Accuracy,KNN F1 measure,KNN accuracy std,KNN F1 measure std
2.0143825528416886e-18,0.9981045848539879,1.0,5.0,64.65959907797622,0.4299866500256758,0.8910687936529125,0.02784928045360255
1.083538265971715e-17,0.9978561673434022,2.0,5.0,77.20023298704275,0.680898318074526,0.9662678967135853,0.015534585665091607
2.1980839525425046e-18,0.9999969883217752,3.0,5.0,77.61259169729644,0.6826667232399504,1.4786496940425706,0.020373779014760056
1.5868015765700885e-17,0.9999813279061108,4.0,5.0,77.6127807334366,0.6834536963058071,1.3255352855681626,0.021259462189859767
1.3319033492108295e-17,0.999774104476301,1.0,6.0,75.70053839855672,0.6705653746424779,1.1722422611175591,0.015793699211616524
4.797289067750444e-18,0.9989286360488635,2.0,6.0,80.59059616091228,0.7424643179736755,1.5950537579425514,0.023563030464599264
9.987275403944635e-18,0.9998131519551664,3.0,6.0,81.43825784293225,0.7517046444006983,1.9780193502539063,0.026380533978958527
1.70695680587003e-17,0.9656077412466971,4.0,6.0,81.74232247438856,0.7545086968491365,1.3074393468780932,0.013077321727662775
7.027598891280854e-18,0.7728317177921338,1.0,8.0,66.61721008649585,0.45800334573310353,1.2868545027549838,0.02681140434480121
7.619230508782824e-18,0.8295180967883258,2.0,8.0,74.83238992484632,0.6379667285624281,0.9262351332201136,0.016156285911264653
2.033784232053503e-17,0.8907429294462696,3.0,8.0,77.78730834984447,0.6841075274934958,1.3331461827501498,0.02205455224997082
9.64019039041204e-18,0.9069384169422575,4.0,8.0,79.2657600020794,0.7028656812319225,0.7332307844697187,0.018851645509778473
2.1552518818360777e-18,0.9579736032973112,1.0,10.0,70.11596185723282,0.5297750865789526,1.393161115497488,0.016193979407951288
2.0645912394656318e-18,0.9495335581281038,2.0,10.0,72.78843665930607,0.607853338348323,1.2385249428630691,0.020565962542337706
1.6218036473185414e-18,0.9340644753180891,3.0,10.0,77.63572499494919,0.6759183562754763,0.8829782261881012,0.01885680909401312
6.099331201058976e-18,0.9158026901470753,4.0,10.0,78.33000747874229,0.6912254469606148,0.8771828907999379,0.010688792395188542
2.867452575929108e-17,0.8308556291527475,1.0,12.0,66.00695416700634,0.47718217445112543,0.8454830554823296,0.021292054332743098
6.275187370882303e-17,0.8355852375846975,2.0,12.0,70.00672259773464,0.5683124316337225,1.0204281863336802,0.016096640223872038
5.918658519763836e-17,0.7717890161415258,3.0,12.0,71.52761286343676,0.5862208079261335,0.9801609316287363,0.012770595052111361
1.0953696280453909e-16,0.8258140249467937,4.0,12.0,73.15878208740796,0.6147143588680766,1.3262814514799208,0.025284228422092665
1.789984728315877e-17,0.9229778761302095,1.0,14.0,61.57410393915872,0.36397474176646805,0.8291949695604756,0.012189039738624204
7.018902990705253e-17,0.9125189123410017,2.0,14.0,72.35398435017055,0.6182665962411725,0.7225197947105197,0.007138672675238402
4.8732701321930666e-17,0.7961224340598849,3.0,14.0,72.85334694393542,0.6220274852045409,0.9954750961987681,0.01932325704789527
1.6138672024696518e-16,0.7746945143643258,4.0,14.0,77.46214255924215,0.6853093478329919,1.254725950562109,0.01918693959831057
1.8383825735143102e-17,0.9407599127376187,1.0,16.0,65.50617380219023,0.44061804962325013,1.6745778416691355,0.023944976889513483
7.603769669479717e-17,0.9047537050390684,2.0,16.0,72.02839322825287,0.5767801974062301,0.8902464130747231,0.013562403523657153
6.047812063346078e-17,0.8821076598101227,3.0,16.0,71.17992814263722,0.5770572048730861,1.456491151887406,0.022796635465320705
1.4190609825963453e-16,0.8462938397961164,4.0,16.0,77.93908074087989,0.6965980372589942,1.5612676245940442,0.020363774526246537
1.3503143776281668e-17,0.9563799627428756,1.0,18.0,61.8786884200005,0.4020736363950383,1.369459723062162,0.0222049071796668
6.974755611960764e-17,0.9294723088641945,2.0,18.0,71.7229108257453,0.596078476494342,0.7134361344750975,0.012821570950107827
2.899940648192794e-17,0.8711672280652055,3.0,18.0,74.63661937218735,0.6357526598201376,1.8368181658277194,0.032886521295437225
3.8396546630470206e-16,0.8338039198130969,4.0,18.0,74.65847667589401,0.6370160770786674,1.2893289536281878,0.024135275038817086
9.869598313240478e-18,0.7276782656985118,1.0,20.0,59.13936571286119,0.30513486950629776,0.4894750151098001,0.012546488603600484
3.571682569869702e-17,0.7471001416347347,2.0,20.0,69.68013903608107,0.5549234475456629,0.6919435977075217,0.016751659278578034
1.8279322604981572e-16,0.532250740692555,3.0,20.0,70.39816918498249,0.5675231497908839,0.7273452281080891,0.021440293589290345
1.7884919158656384e-16,0.6249976786785982,4.0,20.0,75.1356038936719,0.6403452667210909,0.8004536884713364,0.013025453891517299
7.681448344465518e-18,0.8117638064794641,1.0,22.0,61.59563042962009,0.3618602575178608,1.1365552379236186,0.016840484572049858
5.67503068982088e-17,0.7905645777062936,2.0,22.0,69.72442075191488,0.556981015240156,1.3123470763616778,0.019471954013171623
4.06609595098978e-17,0.7793714572832567,3.0,22.0,73.5482910542191,0.6232108581675222,1.5649812417718827,0.023598866477352515
7.61603703467354e-16,0.7596917439640078,4.0,22.0,73.72291318869705,0.626926547696723,0.7571040671757021,0.015524428956236373
1.992056248018764e-17,0.44908049491371405,1.0,24.0,73.11336615473317,0.6087429579872883,1.2597093508087855,0.01990614185923001
1.4648441679594277e-18,0.7684220292108603,2.0,24.0,76.37537378943028,0.673177403614762,1.0254210427713422,0.011582120743646947
9.178621660927013e-17,0.489472928024028,3.0,24.0,76.76587519597732,0.6773245066599962,0.9359257040196347,0.012371285282314064
1.3061668987218095e-15,0.5441905537028601,4.0,24.0,76.52639003590505,0.6743699195767562,1.1021326074190256,0.011906745053140433
1.6068866964469774e-17,0.5740033959425356,1.0,26.0,64.13767029497907,0.4717620989299885,1.2173630875357868,0.023569886258843053
8.862016818373848e-17,0.5142602420728152,2.0,26.0,73.8535844205865,0.6420810580850118,0.8175776900724018,0.00834703847311867
2.873685224310805e-16,0.48314953611874745,3.0,26.0,82.04780487689612,0.7583066090995338,1.1498447153236808,0.015730459931404477
2.753625024427186e-16,0.43905707166831065,4.0,26.0,82.59026771061876,0.7640471747667671,1.8327152261359256,0.029273537573525292
6.056097793229503e-17,0.632524541853841,1.0,28.0,61.594496212779084,0.359851185022216,0.8788875823777719,0.014558127677696844
5.243654443464205e-16,0.6320634165612993,2.0,28.0,65.22453358286103,0.4726384975986102,1.5120943783010126,0.038072862931518806
2.006300333139561e-15,0.6986924311549676,3.0,28.0,68.46288807051994,0.5432954013400465,0.7587685530529268,0.004621274161352628
1.9697361089775344e-15,0.6482264942944481,4.0,28.0,69.92009678650376,0.5837519474991595,1.9343936246191566,0.01863543227781442
1.1087438085836439e-17,0.6175527709594166,1.0,30.0,65.22647120329773,0.48230449902200767,2.2771805896138626,0.031169273551293085
6.61983163691058e-17,0.6305463421660381,2.0,30.0,78.46219099975308,0.7048318017724429,1.024937603049609,0.0166079296607821
2.215967016482522e-16,0.6254172370372185,3.0,30.0,78.24475217952762,0.7022796525754846,1.4815774895399887,0.025122181580128307
6.929950622368513e-13,0.6361562630533368,4.0,30.0,81.02580461460848,0.7481703584759135,0.7363827812789169,0.010295646180205323
1.4817138600823836e-16,0.9539940620737254,1.0,32.0,58.682536250633575,0.2770165319774225,1.1364973237199378,0.01084233725310493
1.3723953649675115e-16,0.9452842445115096,2.0,32.0,60.05250478793099,0.32419739160829975,1.0846866461006093,0.019919022304304385
4.5299543386285855e-13,0.8894819941550532,3.0,32.0,71.24559457182723,0.6197859693004355,1.4497194060341003,0.017545922800781082
1.4596858266234228e-12,0.912692657715393,4.0,32.0,68.33245313380569,0.5753845208922118,1.0680682634295764,0.010254638584009934
4.0903165033329613e-17,0.6350519580452327,1.0,34.0,60.05245752889594,0.33168450673869876,0.9053061027158644,0.010357225119179934
5.636338202623195e-17,0.6532116405666826,2.0,34.0,60.85621556736244,0.3653897939974313,0.6332290402416069,0.01687444622330799
1.0439203942970995e-12,0.5963301966389206,3.0,34.0,71.02895915519748,0.6062018325339192,0.9251734390068542,0.011110413085960096
1.0428291490205847e-12,0.621786304250377,4.0,34.0,71.65785876401083,0.6134290966687909,1.0666651397315494,0.01431400533000256
4.2419426191739676e-17,0.7321720023867451,1.0,36.0,66.81184642231383,0.5369966188242067,1.339597786249695,0.020752296158982806
1.4094828202047162e-13,0.8601453557373164,2.0,36.0,68.94072417382345,0.5696537790996822,1.3667731195359956,0.01957500568958059
3.965279909716614e-11,0.909198411592341,3.0,36.0,61.747639115830715,0.4151421536694741,0.3035917486794531,0.007456972542754224
2.319562414211833e-09,0.870779190015021,4.0,36.0,68.50579927433752,0.5432540900611673,1.8724309672004242,0.022292443381850026
5.240483617061468e-17,0.8587260453161254,1.0,38.0,65.96323955959305,0.4806641531653358,0.9501405823895455,0.023089725250321012
5.489477329822514e-17,0.8580155929119013,2.0,38.0,67.8982843788804,0.533849886335323,0.7048390537007904,0.018169393608179495
4.835915861925416e-13,0.4508692881789508,3.0,38.0,78.15722844663095,0.707290975024714,0.8429384284116999,0.008903183170471283
2.386341700042895e-09,0.4327464985376027,4.0,38.0,79.3085766878269,0.7303400519977211,1.1762865932889939,0.009651257860748916
1.457644753251684e-16,0.4506402808658898,1.0,40.0,59.378709095828334,0.34895916094108326,0.9310522793446366,0.022780065306529314
1.3229659855313068e-13,0.3984356132754925,2.0,40.0,69.65880158175989,0.5811363016747426,1.5762243275566479,0.023413117096538833
1.3706553350233006e-12,0.5120495781547997,3.0,40.0,65.76803611535456,0.5138319343622012,0.9181100415755535,0.017034035543524218
4.191494422924221e-09,0.45496888349922304,4.0,40.0,71.22392630426076,0.6106091813620163,0.87963532958806,0.010718588348557096
2.1708440768385575e-18,0.533493923616867,1.0,42.0,70.5069831131653,0.6009339872591335,1.3306087488990883,0.011069796544669594
2.9912506433413103e-16,0.5334791696185199,2.0,42.0,71.28935643827558,0.6168546004881474,1.0888592759393472,0.01733997511852268
1.0047916138884952e-11,0.5099445541444481,3.0,42.0,75.87445164750903,0.6828797601179544,0.9681420177638466,0.009352421259123148
6.494480364673632e-09,0.4256566066057329,4.0,42.0,77.98355149285385,0.7176134038442559,1.4186116682613865,0.019849005317951293
1.597944451866564e-17,0.5325989820783092,1.0,44.0,68.50641364179306,0.5640881275849304,0.8441981731606163,0.023028225672834284
2.068716429967704e-12,0.7156812862436926,2.0,44.0,71.76705076447396,0.6184294267389323,1.3709065511697027,0.01928844356254635
2.068433938682018e-12,0.46545885006751275,3.0,44.0,72.3537007959603,0.6281467226844296,1.0890053733180014,0.016034394253703024
5.18643136207711e-09,0.43872968226317877,4.0,44.0,75.91821351395735,0.6837722292377586,0.8913410261141305,0.015006904087156641
9.195547202694328e-18,0.4435516791040365,1.0,46.0,70.33269179193265,0.593420374687502,1.624709172701314,0.027658425639786433
2.7179803828010853e-12,0.7320820964231429,2.0,46.0,73.72277141159194,0.6476912974224607,2.3224824309739684,0.03248143891149385
2.7176270658953635e-12,0.38352927433641193,3.0,46.0,73.6369962629918,0.6455289513986575,1.0457320370440382,0.015465592416295288
7.583436722606463e-09,0.3662034841294145,4.0,46.0,77.76460038350707,0.706871233297242,1.5203764300026503,0.023082122545272594
1.345805435298793e-17,0.41156386281545443,1.0,48.0,66.05227558161104,0.48684082565547093,1.724959503936803,0.02360985613344198
1.2345723632183095e-17,0.4114161033470607,2.0,48.0,66.2033863461559,0.4916706572430636,0.9915909393177027,0.01257273270782404
5.922754845167814e-11,0.4788717106940029,3.0,48.0,72.43975949877067,0.6216137820055707,1.977569733937944,0.028010204634684913
8.762258562928118e-10,0.4537759769369826,4.0,48.0,76.98392838365831,0.6895550113320202,1.5796503566229547,0.019891959821425456
1.0971115075422301e-17,0.43947918941263586,1.0,50.0,70.65729047411445,0.5822712783963462,1.7078395574724785,0.030051598609632003
9.63707655463536e-11,0.752722443791483,2.0,50.0,75.81006121226513,0.666493454422811,1.4403078367272955,0.01939429935371222
9.637054972682621e-11,0.519252000428428,3.0,50.0,75.7003021033815,0.6703657915711697,0.8045484592208312,0.015476081955924332
2.0769347744634564e-09,0.4942267711230407,4.0,50.0,77.15788889164567,0.7027707744460856,1.1290118799123052,0.015999986401062167
1.0117297396695264e-17,0.5185192915202943,1.0,52.0,63.5736809707951,0.46035557413995043,1.2227263726294266,0.01873877211512975
1.0678752934381855e-11,0.7403794508249883,2.0,52.0,69.11487371795099,0.5731215961993106,0.7018124892334361,0.017302313044420294
3.356140694910931e-10,0.845952379529435,3.0,52.0,63.70354879908884,0.45218417994614646,1.0739669663186786,0.025196878545696452
5.6210163832511764e-09,0.7686059416181245,4.0,52.0,74.91717263371058,0.6595976913891247,1.3671015195082448,0.020957767919643523
4.125285200490305e-18,0.41132070223594175,1.0,54.0,70.57170436165448,0.5945005233251538,0.8862538937485293,0.022317231405375667
1.818446222565445e-11,0.9939742222932343,2.0,54.0,68.48535974168212,0.5633401597002173,0.8888144956925783,0.017092072579160768
2.825076580283617e-10,0.8285781533520221,3.0,54.0,67.20206427465061,0.5319895095348686,1.0909628878113815,0.026688330678683172
2.149632568062899e-09,0.7186046014253586,4.0,54.0,74.4633677497256,0.654932402886461,1.6848098017569215,0.022006037118884155
7.275837017364981e-16,0.40479825475648235,1.0,56.0,76.37494845811491,0.6885872098042246,1.7987371602194149,0.02919815031283012
1.0295884149415523e-10,0.6241744986990714,2.0,56.0,75.41800025756174,0.6756310361956464,0.7249974794865207,0.013215851113758954
4.0986458537723414e-10,0.48487021211666625,3.0,56.0,80.17748130609795,0.7351202918907325,1.1199655963985067,0.015075645921793387
3.060579830511125e-09,0.44904062275774614,4.0,56.0,81.17776604178408,0.7515831845927543,0.7223071224932411,0.00789949190456621
3.736639853945729e-17,0.5155988345023921,1.0,58.0,67.65908277301841,0.5203716901510538,0.7472658314478173,0.021946554174568946
1.2452317492351682e-10,0.45768781374788536,2.0,58.0,79.17748012462206,0.7233699974682312,1.316690251797622,0.01984971990552125
1.2452308569860156e-10,0.37729826100382613,3.0,58.0,80.28695686077133,0.7424250258945254,0.5229187188310146,0.005457498979112302
1.7953143327626467e-09,0.3389094311007921,4.0,58.0,82.46049440039509,0.7699161327279891,0.6313856002931475,0.006853264055792475
1.2450465615998339e-17,0.468303430799361,1.0,60.0,74.65734245905301,0.6494354134940131,0.8270284446936659,0.014633297358133152
1.6071652284503373e-12,0.7843288519198583,2.0,60.0,72.04916357415355,0.6102724419964825,0.6728988893882355,0.013552638339444062
1.6762000024918153e-10,0.5996919667547234,3.0,60.0,76.70001973064713,0.6782393621267654,1.3310683934138823,0.0135204417592361
6.436951706833631e-10,0.4622052626678992,4.0,60.0,81.22204775761786,0.7539766166550829,0.7613274502214727,0.012830665470587073
4.861276484637964e-16,0.47704675266498453,1.0,62.0,72.72347911564168,0.6283791522977472,0.8096513251804572,0.00994031448471205
4.763187303342013e-16,0.47704659885231493,2.0,62.0,72.37555809966696,0.6237219433791584,0.40898563208057603,0.005641666883053757
1.6925969184664945e-10,0.40922872923834375,3.0,62.0,80.00352079811059,0.7375796345170523,1.3841395819358204,0.019522259350847997
1.8109103274118934e-09,0.33248341814037186,4.0,62.0,83.37297184897429,0.7842055928696687,0.8725664483250929,0.01411198726820071
1.9336339607685953e-17,0.6493033001710301,1.0,64.0,77.63506336845862,0.7068599036548455,0.7187606061274134,0.009555623556823982
6.520264730079859e-18,0.649301224928627,2.0,64.0,77.54848481626277,0.7042370196232752,1.198923283395105,0.018973494139391672
8.174371473184896e-10,0.42053089752967654,3.0,64.0,81.54768613857058,0.7610998245223831,1.1080860155339338,0.012199211569599413
4.169581656098595e-09,0.3570449124441719,4.0,64.0,83.85123328359319,0.7939743344362058,0.2768959856570543,0.00719249680060666
8.385538693015469e-18,0.5826523131461308,1.0,66.0,65.22510069128154,0.489151418450583,0.7970889445862781,0.015362696072835634
3.5274585429519454e-11,0.6462501855857303,2.0,66.0,74.85287671653677,0.6637349496332823,1.1294922919838344,0.022875439772087128
2.707784023228865e-10,0.787549707708887,3.0,66.0,71.0499657962734,0.5784563232712436,0.930926816190013,0.013859289577519146
3.083595351286603e-09,0.6721949679824697,4.0,66.0,71.07168132287491,0.5982509584554745,1.7636394621071756,0.02410754531564426
1.8531017208121452e-16,0.6092836739350567,1.0,68.0,64.02947073425182,0.4403438396334133,0.5328842191609272,0.017540227195024644
7.009407737815822e-12,0.439306966627673,2.0,68.0,69.1366837626226,0.5622852181306511,1.1057457337968433,0.01914106641695285
5.902485048764454e-11,0.5581580357039484,3.0,68.0,65.92004480156523,0.48789492057337114,1.3026642294229311,0.024884506309247895
2.179446615728286e-09,0.44163979647518303,4.0,68.0,74.37395365542729,0.6482758059673294,1.208603775315906,0.017160096659709315
9.965812013495105e-18,0.4554678404734577,1.0,70.0,63.26819856828753,0.4556902742297174,0.8955774042265993,0.014379303223182038
1.3570004509270881e-16,0.4554205140473081,2.0,70.0,64.2903406076803,0.46449426681011036,1.261258883796702,0.01692263359887517
5.130237859996194e-11,0.4430414196104473,3.0,70.0,76.96032249565512,0.6935898252239782,1.4263166574994912,0.016346254995708027
2.8358102393792897e-09,0.36429203220755957,4.0,70.0,80.28648427042093,0.7468564898051478,1.258931985507908,0.0180534975167487
4.041480113824172e-17,0.5055388562403418,1.0,71.0,65.24615459139247,0.5052418189895815,1.5016171390757551,0.01715256583380858
2.1115402698973486e-10,0.9916424723154587,2.0,71.0,63.464819783577255,0.44596368831600885,2.2382661480183845,0.040421442980889725
1.7361606066012554e-09,0.65576221448176,3.0,71.0,67.7466537649501,0.5207233190214456,0.8802124270477641,0.024455099052549088
5.415287504813078e-09,0.5877691521335267,4.0,71.0,67.07063689820049,0.5066709710336939,1.8125906670094902,0.025584857994726082
2.924412488424561e-18,0.7750604251531876,1.0,73.0,70.18002147923144,0.5780871157922272,0.914100092736644,0.009831066098396086
9.317889057581634e-13,0.8996616020163848,2.0,73.0,68.55022276727644,0.5370797079508514,1.2880251907270686,0.014390985588489977
7.642492436355369e-10,0.4986107370722749,3.0,73.0,77.200516541253,0.692990187421289,0.9519437841723754,0.01145092666346621
2.530584562546079e-09,0.41657650724517725,4.0,73.0,78.30796113889548,0.7195631244366612,1.099186644544636,0.011178916814586014
2.0371978598804168e-16,0.6000290924948195,1.0,75.0,67.46383206974488,0.5246482107595483,0.8772522056501353,0.01811326700681708
3.3943421293003136e-12,0.7715414463784529,2.0,75.0,64.74561052175156,0.46091804907651185,1.311404300616706,0.029722800298863695
1.8114579242490274e-10,0.5899096720783241,3.0,75.0,73.48319173344959,0.6399514315722703,1.0018313331691677,0.010414877425987778
9.42378018418999e-10,0.4032473724566852,4.0,75.0,78.63548988124987,0.7216514101799215,0.5981750917702673,0.010609539867593802
9.073206246360254e-18,0.7296538153511967,1.0,77.0,68.65917847256438,0.5421899531547774,1.9553217887472214,0.03555384957328211
3.3221691763733536e-13,0.9588990090937258,2.0,77.0,66.63684621555555,0.4863912738831527,1.6081747334996852,0.03892559262432084
8.845470987631348e-12,0.6502056029726835,3.0,77.0,81.59163704115907,0.7634948409867846,1.0219251366076243,0.008598030124203371
6.896765375772095e-10,0.4830597051729658,4.0,77.0,83.35130358140782,0.7888394305821542,0.5728420142321411,0.010049428773899602
9.667028713294666e-12,0.41766618354292484,1.0,79.0,79.80822283580203,0.7455209115314231,0.5312279061295306,0.007175903880326298
6.334661819581051e-11,0.3653818083749165,2.0,79.0,82.06918959025235,0.7722626118747677,1.2559752114033624,0.018809392586583318
3.2563495722417823e-10,0.3230015319170243,3.0,79.0,85.58979866469596,0.8149174040141259,0.9432574025474851,0.01498650664132465
4.3667862470967163e-07,0.3443424710001849,4.0,79.0,86.45950668656272,0.8297949102251904,0.5593975271721806,0.009235878768179112
8.909655176683348e-12,0.7303364903781739,1.0,81.0,67.70312819367697,0.5428303384458237,1.7832379786951884,0.02702242576470529
1.412898420980657e-10,0.3815600502559233,2.0,81.0,83.24211158094468,0.7889249036669583,0.7781182632411153,0.009549435937054917
1.1292529148050719e-09,0.32200536396561275,3.0,81.0,86.28587699182064,0.8253543048475848,0.5264348950305926,0.006453801187797307
4.116929435913946e-07,0.32571094895879427,4.0,81.0,86.69814118400423,0.832908779234271,1.0552674067575556,0.01577302812845376
2.8101197458765194e-11,0.7675768618241231,1.0,83.0,67.68117637190024,0.5303591141951458,1.0575180401242816,0.02207235752621897
9.992140949740924e-11,0.4067653878473674,2.0,83.0,84.2001467393038,0.8013311757141995,1.0750211649444348,0.011135527375132822
1.929668608904829e-09,0.31714874189461817,3.0,83.0,85.61061626963169,0.8158137999567117,1.5386605265399997,0.02034613364482622
4.0598382538235257e-07,0.3471627010057845,4.0,83.0,86.89325011017263,0.833757852537216,1.0326268633407039,0.013760250998239996
1.8508199265208338e-13,0.8695781109528218,1.0,85.0,67.76770766506105,0.5558007318255278,0.4839603265518385,0.01377604527951741
1.724448515657806e-10,0.40249260735441095,2.0,85.0,84.48178695863298,0.8034036833691255,0.9623458823793314,0.012217036383417087
2.6579751296612856e-09,0.3403775388893401,3.0,85.0,87.00201677932039,0.8348248761044983,0.935239328629121,0.011314887872074486
9.852502276194524e-09,0.41934633460708215,4.0,85.0,85.54584776210747,0.8153935583508283,1.655070406344722,0.022087624885170954
1.5505574289644242e-12,0.8657445496499994,1.0,87.0,64.31177258007156,0.47940994924322605,0.7967860988665718,0.01922187414815526
2.6106036932630913e-10,0.410633167263742,2.0,87.0,83.50307597244326,0.790285843508721,0.8878977629660139,0.012255974452146745
3.2471437878370734e-09,0.35323016965761544,3.0,87.0,86.78528684462056,0.8326646231564592,1.327756209086774,0.016826135109355298
3.2471437920960068e-09,0.35323016965764187,4.0,87.0,86.85029164732,0.834118984780147,0.7211725960085881,0.00857926592592982
9.166196093111956e-11,0.8689707722862408,1.0,89.0,68.18001911627967,0.5488881360903385,0.8833447031476525,0.014841285965874716
1.0723997506560846e-09,0.754703517127439,2.0,89.0,83.41701726963288,0.7903118953842603,1.0951332463136376,0.016830812901873243
1.5824965897424383e-07,0.33335866523800606,3.0,89.0,87.41555696545011,0.8400252522992524,0.48347898185068977,0.007493404267718949
6.812120328316864e-07,0.3320157197158651,4.0,89.0,87.76395057177525,0.8452723576378547,0.7784645599528945,0.012273401029985682
3.542416091631128e-11,0.8308039689469937,1.0,91.0,60.204607992211706,0.3620200998580834,0.5044493211123479,0.01636415217969026
1.3389506816201564e-09,0.742926895062074,2.0,91.0,82.32987042754067,0.7759083838891432,1.1007430555684024,0.014296859396633924
1.6725525834585312e-07,0.3260964588034264,3.0,91.0,86.30674185579143,0.8257619544687043,0.6460658153773683,0.008046131123087089
9.173945242906523e-07,0.318419761034219,4.0,91.0,87.06806128079074,0.8362307007857485,0.4491656254981098,0.005315625217341177
4.5299926643566726e-10,0.7844125846312155,1.0,93.0,79.1560481522308,0.7192816136701029,1.284673889502756,0.014170071901533136
7.98296271504074e-09,0.7504262629444025,2.0,93.0,82.30758779251866,0.769677923275792,0.743415549237734,0.00894611741165902
1.5953022589334563e-07,0.35236209835004595,3.0,93.0,87.24206904781315,0.8369763765329179,0.6503520860687224,0.007924184095699926
8.642631810903954e-07,0.3599183394696932,4.0,93.0,87.91539214956539,0.8455750731326539,0.6655559133653223,0.010415412048598745
3.7650350113485186e-10,0.7847383127196682,1.0,95.0,79.20009357288937,0.7216627881360743,0.5721523230614152,0.011478636533697675
2.2620312947124224e-08,0.7405391718621617,2.0,95.0,80.85297832346211,0.7458998983082636,1.0744764580336779,0.016505853617637886
4.397445507816559e-07,0.7043674354407272,3.0,95.0,82.8298473887611,0.7760831750066581,0.9732324782145858,0.01240083537487675
1.194127784686375e-06,0.6911057941270276,4.0,95.0,89.04507212319484,0.8592842879425774,1.1740934351086207,0.01613495511487049
2.555068076774788e-11,0.7977753823811742,1.0,97.0,76.39727835217197,0.6814666331931915,1.2278802963927549,0.015791702425097084
2.5288457064695418e-08,0.726850065824574,2.0,97.0,79.63516024948045,0.733234973593523,1.096480655553107,0.011364966045492888
3.9487984744265807e-07,0.7094003494538705,3.0,97.0,81.93884917160818,0.7644414525341137,1.0969583287439524,0.014913007351722372
1.2809773998036623e-06,0.7059835906667129,4.0,97.0,88.87271842239889,0.8567434588251883,0.9402201394071977,0.012138138449880239
1.698318198152015e-10,0.8054582531819465,1.0,99.0,81.80917037945461,0.7662743925707167,1.297898261710189,0.013976087486590209
3.340954601841065e-08,0.7398648274114483,2.0,99.0,83.19849149160147,0.7837805952744157,1.7926677565596119,0.021567833779414427
3.7677439980785744e-07,0.7087675131026663,3.0,99.0,83.72065656977384,0.7914975467309381,0.9272974537812402,0.012354298327968817
1.2245133958298054e-06,0.7036060502882112,4.0,99.0,89.47947717329534,0.864179622513837,1.0543491183758387,0.01436589315193381
8.595441642757464e-12,0.7945021577235646,1.0,101.0,80.02542536085227,0.7386912529228088,0.9602558335287082,0.01144173441890744
4.375821319567571e-08,0.7404273371061112,2.0,101.0,82.72131701478853,0.7781050562960488,0.5693550933464611,0.01025811126503026
2.8303123439732705e-07,0.7026811941843363,3.0,101.0,83.65470658637358,0.7899138958350521,1.0211057437194773,0.012696378416537788
2.8303123438126355e-07,0.7026811941843262,4.0,101.0,83.35201246693345,0.7858556828120167,0.8951703095500559,0.013369578125200928
3.226911180426462e-10,0.8024400282154187,1.0,103.0,78.24276730005589,0.714491473128269,1.2476767367491604,0.019307985158443015
5.026029724003308e-08,0.7626751706743979,2.0,103.0,81.65631103061324,0.7630135613457167,0.789682939440666,0.010824202764487489
3.395478979662854e-07,0.690628878760807,3.0,103.0,84.04709835432226,0.7949764798742087,0.8483036328142006,0.01030963062928842
1.2080047245025994e-06,0.6801523869770011,4.0,103.0,89.39356024759009,0.8625143538155327,0.9772814408730257,0.01439494244648905
1.4121710945612456e-10,0.793397107510002,1.0,105.0,78.70016387070402,0.7208865604556769,1.5135920926837594,0.02030082758691698
9.024696405594847e-08,0.7418622808904134,2.0,105.0,81.54811146988595,0.7585539150541358,1.1939167641047739,0.014183725019406363
4.6021921928759627e-07,0.669056845232253,3.0,105.0,84.30782645064562,0.7993088998649437,1.102535612332861,0.012615837651737476
1.4556464720769412e-06,0.6465136345352875,4.0,105.0,89.24084267585383,0.8619564920382092,0.7402430633818071,0.008698513729730245
2.9370574911164796e-09,0.823190777805439,1.0,107.0,75.15850089614945,0.6703176406065647,1.1358914775437015,0.013760899348696922
6.680651080946351e-08,0.7692471533694365,2.0,107.0,82.48183185471628,0.7714036532174304,1.1455775736313163,0.017861713002022144
4.060597204202821e-07,0.7156409190569393,3.0,107.0,84.65584198469044,0.8031301563833291,0.7242720700795173,0.010770983016988471
1.2960456887063667e-06,0.5745906506758283,4.0,107.0,88.61113966344479,0.854834219015393,0.9642040662034781,0.013243501155972245
1.847766736857054e-09,0.8112875631336798,1.0,109.0,78.63416662826872,0.7209400746818682,1.132998312245359,0.014010541365190789
9.773420386967894e-08,0.7540483854522944,2.0,109.0,84.21983012739854,0.796805258325962,1.9355517314305157,0.025025789361881236
4.4943795882207294e-07,0.6999397647247093,3.0,109.0,86.2203050807007,0.8231724793579003,0.5661320225279903,0.009313603338623635
1.2378356515900146e-06,0.46655741702968523,4.0,109.0,88.3289323356951,0.8524913395827671,1.0325537018272495,0.012204422935318638
1.2716004708092948e-08,0.8305823582618849,1.0,111.0,76.72126266689824,0.6935838984641316,1.5437167847251618,0.024272292315772676
5.2505093789402155e-08,0.7451297512639996,2.0,111.0,85.37183999508507,0.8106038999372036,1.0496043464079032,0.01443677942134196
3.639644448564899e-07,0.7054894103120062,3.0,111.0,88.50294010271752,0.8525948287383919,1.1587926667240096,0.01496685627617646
1.0493357414523442e-06,0.427496699304017,4.0,111.0,89.02425451825913,0.8609714083250315,0.5889778071291888,0.006372708062807746
3.003518755587582e-08,0.822863489864194,1.0,113.0,81.50406604922738,0.7599997925871329,0.9928024068891946,0.01756561665155184
8.299252766230304e-08,0.7442745319546658,2.0,113.0,84.78627692140468,0.7995028138261617,0.6539551661699398,0.012976576055073104
5.010694756105048e-07,0.5724471220899672,3.0,113.0,88.35003349484109,0.8513912625663055,1.2306280433169838,0.015308635128797895
1.1163547232859128e-06,0.420627816688537,4.0,113.0,88.56718876085628,0.8540438611184464,0.7713380382093783,0.00835188468614586
5.221553990164288e-08,0.6090739579659992,1.0,115.0,61.87764872122958,0.4141363844996066,0.7728902934224836,0.012541398285066185
1.4146466672990447e-07,0.5191934739526946,2.0,115.0,86.65489916694136,0.8277174961929914,0.2605184408666451,0.0032040458943904324
6.70919503058514e-07,0.4153493672777363,3.0,115.0,88.21988211233709,0.8488265988323322,0.7297704529438528,0.010783128608097048
1.8307059009221022e-06,0.32310373645599766,4.0,115.0,90.58961553593518,0.8798787633173835,1.4737457667000928,0.019206782703823377
5.991383740144951e-08,0.617291298800942,1.0,117.0,68.1799245982096,0.550143568614385,1.9435233478668523,0.025703032216659677
1.7637994417140615e-07,0.5294458950885363,2.0,117.0,86.2634525796935,0.8196973353108765,0.7106952726458138,0.009939844676238582
7.178717436882847e-07,0.33176005648028783,3.0,117.0,88.80634310768326,0.8560746848978592,0.6337274617607257,0.008353103209424407
1.608599976941512e-06,0.3374045123351169,4.0,117.0,88.89329973215942,0.8579434198777411,0.8257886296590112,0.01013996154131535
4.193892032627537e-08,0.7602834758312491,1.0,119.0,76.61429184108204,0.6956869550733764,0.7780721795495469,0.016560693736845895
1.3549515217536026e-07,0.6690360516730409,2.0,119.0,85.8508103152296,0.8162808708979966,0.6256704376993338,0.008845150037226059
6.420591110621796e-07,0.3215199711190616,3.0,119.0,88.85071934158712,0.8558589470470584,0.8598293386746703,0.011742442061455772
1.5174565725399787e-06,0.334438048128472,4.0,119.0,89.34975112210671,0.8640004462078122,0.9272622441327426,0.011995272766558233
2.3839401053935152e-08,0.7692486031926252,1.0,121.0,83.80780223039017,0.791729929292558,0.44193150611165755,0.0053364509898935954
1.3787647004294104e-07,0.6848183312958747,2.0,121.0,86.63403430297058,0.8260899660391786,1.294388823191438,0.017230593712599322
7.183071682143302e-07,0.31039302402933044,3.0,121.0,89.17616868639968,0.8594886544146201,0.610481329953654,0.008864008374649374
1.5858282603931221e-06,0.31657986211971745,4.0,121.0,89.39422187408066,0.8632232860721833,0.7924419332640921,0.01038816888195278
6.505130980883396e-09,0.7023800008037453,1.0,123.0,84.4383086463949,0.8004880205081661,0.7690209033577045,0.008855931458362127
1.2053304497007527e-07,0.5634376422592133,2.0,123.0,86.80648252183664,0.8286994595739628,1.1262473787992175,0.0151498921024815
8.384099228775814e-07,0.33262400108844126,3.0,123.0,90.37170412535932,0.8750431543940816,0.6052014723209054,0.008633644243847648
1.960019671526251e-06,0.3249869282775838,4.0,123.0,90.52361829349988,0.8779070942594467,0.48668327978134784,0.006767357900120866
6.214083252350139e-09,0.51384073692749,1.0,125.0,81.20023771294625,0.7554781172361844,1.1987890443680336,0.01447332497482526
4.6723632495705085e-08,0.4190840874701337,2.0,125.0,85.00376300066517,0.8078290268825995,1.2243379770258953,0.015323437866687077
9.354098227526669e-07,0.40240618294674524,3.0,125.0,86.48074962281382,0.8274486936211695,0.48184230409775863,0.007324726774171757
2.1204219621961465e-06,0.3513223083016901,4.0,125.0,89.15492575014858,0.8597143587497966,0.7458053814203416,0.010618725776820945
5.639337925141705e-09,0.6426801959262135,1.0,127.0,82.24300832113458,0.7728376277974689,0.48314312446510516,0.005681324995626021
6.123436310703342e-08,0.4667998591956998,2.0,127.0,85.0030068561045,0.806960061526407,0.46364567106816124,0.0107996020242302
7.019381671270927e-07,0.349194402587778,3.0,127.0,86.2424459386176,0.8219986964446975,0.7577284291604661,0.008587373515797029
1.8876873702382406e-06,0.3303817780204721,4.0,127.0,89.24178785655464,0.8611005020267859,1.443414853307206,0.019599394328801843
1.3905878488697267e-10,0.6830894222522992,1.0,129.0,81.39520486200954,0.7609471860526967,1.5200122570438905,0.02311135960185265
1.0186683444427384e-07,0.5129513695777135,2.0,129.0,86.0040477363513,0.8195735474922777,1.4040553741097412,0.018191909421412696
7.085924676325549e-07,0.3616301102488201,3.0,129.0,86.39384025737272,0.8238766097932185,0.5040269950754684,0.005751600426720228
1.745200313414091e-06,0.3224992713502728,4.0,129.0,89.37203375712873,0.8621355144188779,0.3743222865732946,0.004603088363208817
2.1711793360673229e-10,0.8080138412430172,1.0,131.0,81.06800693290043,0.7567993512922129,1.8619030445486535,0.023516393714059253
1.5217540506661005e-07,0.5536064365677793,2.0,131.0,86.1117274476931,0.8187427438571906,0.6192046125072848,0.007331774848251797
6.671517015040529e-07,0.3629357572894708,3.0,131.0,87.09039117484781,0.8321653813848042,0.8444790296917709,0.012649075191265232
1.5707044782026962e-06,0.3228467921216719,4.0,131.0,89.69757762001136,0.8661413621904407,0.6175079104602205,0.008470237207209193
1.5864620810400507e-09,0.7779956234326376,1.0,133.0,81.63388661848609,0.7644694394010745,0.9648042673470667,0.010579944518104139
1.0993868234677496e-07,0.43515632570290774,2.0,133.0,87.76295813203939,0.8416154056036651,1.186970027626973,0.016082227868586853
6.543934650365864e-07,0.31706559065552686,3.0,133.0,87.91558118570556,0.8435523748038103,1.456467775056202,0.01974057376529801
1.93031840905369e-06,0.3092250941085489,4.0,133.0,89.61156617623604,0.8659960038625705,1.055171342725181,0.013186610485760974
2.189973255386258e-09,0.7818469778224055,1.0,135.0,83.22086864469358,0.7844492813613104,1.047905200764441,0.012983841690692216
1.4308716174471448e-07,0.43299188592172855,2.0,135.0,87.1771587631838,0.8329479105890044,0.5074947218580829,0.008328828435717469
7.738476837543161e-07,0.321764932428676,3.0,135.0,88.02349719222258,0.8457241644973703,1.3210252116513581,0.015919954729320993
1.9167722991140166e-06,0.3056976904467418,4.0,135.0,89.43694404175808,0.8640425101690112,0.7599357998506756,0.010350959496904587
1.7296936088732125e-09,0.7675911041267631,1.0,136.0,84.17729699586128,0.7962548097596084,0.8327886780564979,0.01291063946303817
1.0510325112118716e-07,0.3983793871764959,2.0,136.0,87.80695629366292,0.8413763212524217,0.30409567253535347,0.004154748484899961
8.183835351661035e-07,0.3117405733980717,3.0,136.0,88.74181089533423,0.8545453508713363,1.5115710314514401,0.01748645746117278
2.2110785045518316e-06,0.30387840143257905,4.0,136.0,89.41551206936681,0.8637229555254965,0.5269742347606762,0.007701669509387357
4.662173090977055e-09,0.5248524099600909,1.0,138.0,80.91699068642566,0.752706061490011,1.624771739313178,0.02485161670288546
8.32215049150834e-08,0.3606705939491409,2.0,138.0,88.65400360822733,0.8527582561886916,0.9544378766928024,0.012683631664512161
7.052157937204916e-07,0.2727498162851504,3.0,138.0,88.8720567959083,0.8556354650314724,1.5663186747095958,0.021187556957584938
2.5442333571033887e-06,0.2745061110308248,4.0,138.0,90.19788539447708,0.8738020191305728,1.032406865685347,0.0136871419819108
2.3283314554881333e-08,0.5264135217063878,1.0,140.0,82.35276743001825,0.7726344576863463,1.144806912014719,0.015568747211413998
1.050873477482931e-07,0.3541448768556912,2.0,140.0,88.48027939541517,0.8499728800918847,0.84608000832926,0.012616538962485433
6.250331022704736e-07,0.2763300412055959,3.0,140.0,88.74166911822911,0.8544844292044337,0.9766457913533944,0.012649967736110388
2.510533632110083e-06,0.27374545141969453,4.0,140.0,89.69809746939683,0.8676460035392445,0.6815334119226231,0.009086401761477928
3.452857652724977e-08,0.6968955311417557,1.0,142.0,85.8942413684326,0.8162239513346055,0.4717955175590636,0.003936132792997894
1.0537421434247107e-07,0.35752296027550545,2.0,142.0,88.87153694652287,0.855695097879436,1.3348330894813654,0.016683088870110274
5.916689037208434e-07,0.27769689335900005,3.0,142.0,88.85015223316661,0.8558720132666704,0.8660030338811558,0.011682756916780269
2.6896992144050217e-06,0.27299197525465013,4.0,142.0,90.06768675293804,0.8720269875541062,1.0771779054791464,0.015081367153584218
4.27131966134602e-08,0.7320383619839732,1.0,144.0,84.7630018466468,0.7999527623522349,1.200537149514028,0.015948061121142887
1.4347621890354432e-07,0.36461880032088423,2.0,144.0,88.19868643512103,0.8460538218494168,0.6741834182857236,0.00999215840841361
7.529470516859661e-07,0.27749217622285305,3.0,144.0,89.21988329381296,0.8604506877924798,0.9729254152610183,0.013215297245411237
2.7030340649984533e-06,0.2651362692901602,4.0,144.0,89.76324404920138,0.8688154624768206,1.488717698277114,0.019125975969476718
3.850104191302932e-08,0.6150883188694716,1.0,146.0,83.41701726963288,0.78027781857373,0.5663286981792683,0.012021603342028214
1.1708947630639282e-07,0.3746087516997534,2.0,146.0,88.1333508191763,0.8452995860648089,0.8238079286738715,0.009516257910026901
6.904903670037093e-07,0.2905657603287555,3.0,146.0,89.21941070346254,0.8606710493163267,0.8951220987143226,0.012945837118496197
2.671181649659664e-06,0.2712461311713058,4.0,146.0,89.50355565164894,0.86524527963433,1.2544479321879851,0.017534633900098268
4.922445265261879e-08,0.5821229922625815,1.0,148.0,84.78670225272006,0.8001626753798183,0.9908211031416384,0.012089110865313654
1.5556535224044363e-07,0.36646054689257523,2.0,148.0,88.32841248630965,0.8492798921765775,0.41043596802150006,0.004530678241441486
7.126825167693501e-07,0.2909254514481836,3.0,148.0,89.15511478628873,0.8603494746363592,0.7525802869453984,0.009559083926713332
2.582989111793648e-06,0.2762520330503184,4.0,148.0,89.89330091363529,0.869752966344571,0.5269846394118957,0.00729340491984114
2.9388488922165595e-08,0.6482521826389489,1.0,150.0,85.0245806056009,0.8024494767594375,1.0658479416137125,0.01640127482651518
1.7545709078505784e-07,0.3697155146365644,2.0,150.0,88.34989171773596,0.847170394121578,0.6614971805989359,0.011217482596599264
8.811007282176621e-07,0.30013584964835993,3.0,150.0,88.69847436020127,0.852932969788524,0.8450779491097625,0.01303255709752671
2.7949129337598588e-06,0.27734897952609205,4.0,150.0,89.65419382584336,0.8677172076369903,1.1166361094341775,0.01480583251964116
4.190148280902365e-08,0.5344724949582695,1.0,152.0,83.39511270689118,0.7805510061407237,0.21680244705129825,0.004065743710464591
2.678207781674426e-07,0.39233807318063507,2.0,152.0,85.37283243482094,0.8076683090340401,1.56908723963027,0.021548955239868283
1.008306783355146e-06,0.32648851287638336,3.0,152.0,87.98039695226484,0.8439390954495705,0.6300851783027789,0.007569365423409095
2.649178926490666e-06,0.30269657310321507,4.0,152.0,90.26227582972098,0.8746385904271662,0.8206651180539437,0.010525771962375368
5.3808174408245916e-08,0.4680470527592572,1.0,154.0,79.3093800914226,0.7300738052670204,0.9067422140239282,0.012231317357294165
3.33665263600265e-07,0.3906340379462391,2.0,154.0,84.59078992295596,0.797502442945446,0.9767285136845053,0.010217032866539128
1.1078983863710122e-06,0.3210417635860099,3.0,154.0,87.78514624899131,0.8423377109199723,0.949517027116591,0.01373519376940226
3.2025781695333334e-06,0.2956064292731605,4.0,154.0,90.02349955517433,0.8722255452804418,0.5920737544202064,0.007785968901772491
5.400374794806252e-08,0.4660812677618438,1.0,156.0,80.43882376987685,0.7422375005711958,0.8002028412461103,0.010764052973309077
2.7652329442697854e-07,0.38892110157730686,2.0,156.0,85.87342376349689,0.8155896049162982,0.9429339156426203,0.014531904588716112
9.744021885337e-07,0.31831330896367716,3.0,156.0,87.54509398049855,0.8388006979591729,1.068189479083945,0.012562732000636522
3.132242661027106e-06,0.29730659982271523,4.0,156.0,90.58885939137451,0.8788844140030824,1.0704945664183652,0.014935451589518171
9.148843435452813e-08,0.54072823325096,1.0,158.0,69.39675023245539,0.5764923700805602,1.2144844355602709,0.02220349261178082
2.6515173275074065e-07,0.40000000422973225,2.0,158.0,86.78594847111114,0.8285513954082596,1.1936445071095294,0.015400662650876605
1.0527377971493367e-06,0.3208944310705889,3.0,158.0,87.6548530893822,0.8402813089505058,0.5433849593055377,0.008055635104815457
3.4155917339362233e-06,0.30114410428902083,4.0,158.0,89.93706278008361,0.870855395852846,0.6875256559043161,0.008677179203916785
8.905171138740675e-08,0.5226552184347333,1.0,160.0,74.33208215038061,0.6658660439898492,1.1521459526900009,0.01809813011024518
3.500168957135344e-07,0.4106188430634151,2.0,160.0,85.17762899058246,0.8086296868558656,1.3563028389565803,0.01891110436501438
1.2436630635518293e-06,0.32328161672491373,3.0,160.0,87.15435627877632,0.8351120969205944,1.2679177951084302,0.017300963455670112
3.7735605670416e-06,0.3125889703141833,4.0,160.0,89.67605112955,0.8683156805017672,0.7909268857162456,0.008710774879563104
7.795589135778297e-08,0.5318342485019416,1.0,162.0,67.42025923943672,0.5394020069588488,1.5234516402072753,0.02624520329574796
3.9991494859521814e-07,0.41183841809202637,2.0,162.0,85.30744955984116,0.8091963301347864,0.40583128885456327,0.006538635038792271
1.2801603841501594e-06,0.33022904895687044,3.0,162.0,87.00367084554684,0.833098339421864,1.5268134393366755,0.019970007968679752
3.7600812332966964e-06,0.3191460829095909,4.0,162.0,89.61081003167536,0.8671963494620586,0.588451995422255,0.007935221186741146
7.410093343224977e-08,0.5070661946481195,1.0,164.0,62.421151253723124,0.4349803782734849,0.5950237009898228,0.025606210841631664
4.825627060743757e-07,0.39710054527485805,2.0,164.0,86.0683436535251,0.819583152613413,0.47487899621582896,0.007783900170584545
1.4261339290459502e-06,0.3244510835489631,3.0,164.0,88.00225425597147,0.8455486452687454,0.4201131014386995,0.005306561185095888
4.102162289470517e-06,0.3135919096577088,4.0,164.0,89.61052647746511,0.8664351975178501,0.6315551577954284,0.008600969342962351
6.181746371950947e-08,0.4824600715301284,1.0,166.0,66.13805073021118,0.5184478576536312,0.4890464265316846,0.015223518361562778
4.6254662190497174e-07,0.3826307581600975,2.0,166.0,87.48089258139484,0.8381129645990242,0.47994022103528355,0.006085523233931562
1.3537915970497534e-06,0.31237776541280204,3.0,166.0,88.69856887827135,0.8537449135603744,0.6326552979531657,0.009707617975740601
4.700216278074076e-06,0.3113275045485907,4.0,166.0,89.54575796994088,0.8659722213526763,0.9553749013352955,0.013689335704213138
6.585347662260149e-08,0.47474251932844336,1.0,168.0,67.39854371283518,0.5387451444991792,1.029634529690296,0.01346012621986115
5.170399985644716e-07,0.396726343966019,2.0,168.0,88.02430059581829,0.844414274917777,0.8523430689917705,0.013809591443398267
1.3958426765863573e-06,0.3102832573681763,3.0,168.0,88.45913097723414,0.8504636316195684,0.8521562225696676,0.010975008841475458
4.435267915563474e-06,0.31351251375133526,4.0,168.0,89.15440590076312,0.8595560677756777,0.6333546578647898,0.009244376412781748
8.234468774897941e-08,0.4718969494819888,1.0,170.0,67.50764119522825,0.5513739287290932,1.1717371425017022,0.0076164196080716375
4.972903574561795e-07,0.4009653204536865,2.0,170.0,87.93720219423699,0.8438648017859919,1.232961828897818,0.017614048479496148
1.3656473504376457e-06,0.3143345545112993,3.0,170.0,88.41560540596102,0.850212053057653,0.8521305373608611,0.011393776320407672
4.3638630630274695e-06,0.3148288923562911,4.0,170.0,89.3069344363592,0.8617467132503578,0.9351056755530109,0.013461655507990014
7.974053012336982e-08,0.4826686145554562,1.0,172.0,65.63831006416595,0.5151707292374499,1.4726259577076153,0.025147796388005943
5.678033670861313e-07,0.4140275438162725,2.0,172.0,88.0244423729234,0.8459756404936634,0.561816240414756,0.00850260976313457
1.365819151157534e-06,0.31188521134930736,3.0,172.0,88.67666431552968,0.8539413014411122,0.45598447948672766,0.0058974561316346135
4.262969804841206e-06,0.3118918001957429,4.0,172.0,89.21898537214716,0.8607829039544006,0.7462827347553359,0.011804390674141914
8.728308661136766e-08,0.47654540923022426,1.0,174.0,68.66012365326519,0.5749110342998658,1.3650307927632954,0.014908415915978702
5.835229089613829e-07,0.41698288186934707,2.0,174.0,87.89396017717412,0.8436647845878624,0.6092767909153202,0.005337350471873174
1.3882120448761757e-06,0.316415085006697,3.0,174.0,88.76343190386567,0.8548218540454938,1.6581129896719586,0.02201919494537017
4.2894833475078e-06,0.3135324399505589,4.0,174.0,89.26279449763055,0.860932696730481,1.3303616812845547,0.01770634797410577
1.003467663942042e-07,0.4732644152787171,1.0,176.0,69.65908513597014,0.5873805565795148,1.5533360582212559,0.0218809321143102
4.773443993261299e-07,0.41698360071664786,2.0,176.0,87.63285400857043,0.8411319734053956,1.140539697528603,0.014880864145624234
1.2667229351295359e-06,0.31844913415410947,3.0,176.0,88.76239220509476,0.8542644587441174,0.9324089225798808,0.012594856190861283
4.194350763314291e-06,0.31576270934146644,4.0,176.0,88.76347916290071,0.8554883205731917,0.289718732380771,0.005229331399017661
1.254696901995096e-07,0.45689910338043593,1.0,178.0,75.39718265262601,0.6829719481874721,0.882294109132682,0.013678544877449279
4.1387672418708716e-07,0.41161564929381866,2.0,178.0,88.00334121377742,0.843773756310663,0.9317838091541217,0.013607498946179195
1.5414403197734101e-06,0.3268652602022971,3.0,178.0,88.69781273371069,0.854666565957295,0.6750812493642961,0.010847068373028275
4.952269879011512e-06,0.314631256835192,4.0,178.0,89.39304039820463,0.8645129373362431,0.8614704736680662,0.010944511466222624
7.329382876911961e-08,0.45082646236041446,1.0,180.0,78.50500768550059,0.722143156399398,0.9988601986278607,0.011603663555472045
3.234558722689325e-07,0.4083358364909163,2.0,180.0,88.2855485415271,0.8490662773355806,0.7543682371143752,0.0105097215987583
1.46521521917262e-06,0.32636863925299897,3.0,180.0,88.52408852089852,0.8518653241378272,0.8491631649588772,0.01338202318852411
4.885178817489155e-06,0.3156473766289919,4.0,180.0,89.17668853578513,0.861628536965344,0.9460428311062935,0.011713500264539751
6.659913100787779e-08,0.4575691810302386,1.0,182.0,75.22336392174375,0.6808288683740706,0.6547152395142798,0.006118567566475241
2.612311397634229e-07,0.41461174881352414,2.0,182.0,88.5242775570387,0.8509257708555792,0.9403449421490261,0.013277627660059051
1.3078102333546353e-06,0.33349161627182,3.0,182.0,88.67690061070488,0.854498046514396,0.5946789395709043,0.00780890073200241
4.959339647782242e-06,0.31641774556035496,4.0,182.0,89.4808004262765,0.8662245679729563,0.8619679601572908,0.009919343070948109
8.565812883049583e-08,0.4589934288391697,1.0,184.0,74.26674653443588,0.6665895148014316,0.8696659549667468,0.012821826370276325
2.972541530390367e-07,0.40378914246569764,2.0,184.0,88.74214170857952,0.8542770948192843,0.8040368590510846,0.011091394957526
1.3337487996336477e-06,0.3245848119815957,3.0,184.0,88.91610221656688,0.8580762913154578,1.1027288490573766,0.013603678509498092
5.070084656155579e-06,0.3129079764123731,4.0,184.0,89.45842327318438,0.8663643867153803,0.5701898710780885,0.008034335670312797
1.0094333310385026e-07,0.4598971668413344,1.0,186.0,73.9184474461808,0.6603761473457253,0.8467689580407863,0.014988978184834583
3.278600428471986e-07,0.40748896738435136,2.0,186.0,88.61137595861997,0.8526223557020212,0.6318018107444788,0.00945814053566902
1.3797165378384024e-06,0.3322139723211719,3.0,186.0,89.22016684802321,0.8608736000268358,1.1864350900778653,0.014895983173692062
4.9160877911836856e-06,0.3196742943701779,4.0,186.0,89.43718033693328,0.8648976872418827,0.5629460399119879,0.00876093430792838
9.314112153821484e-08,0.4554151092527845,1.0,188.0,77.78848982572049,0.714876864708919,2.202181629392438,0.03302781570515852
3.455554920869387e-07,0.40334423600550007,2.0,188.0,88.89377232250982,0.8560977492071219,0.7752012363342518,0.009921886218307994
1.4158419231513597e-06,0.3350404283109295,3.0,188.0,89.13259585609151,0.8602715950450209,0.8305171996960458,0.01035914182350508
4.959876551162495e-06,0.3229118225450649,4.0,188.0,89.63228926310168,0.8677104801764768,0.899274525961365,0.011876652849757897
7.000159438395132e-08,0.4506607977637842,1.0,190.0,78.8960762004681,0.7266293959865207,0.6178252548066302,0.009945649182901403
3.1697482525600855e-07,0.39664677848931795,2.0,190.0,88.80610681250805,0.8553529383182576,0.867532871808946,0.010085063537525613
1.3792541277472912e-06,0.333964642751888,3.0,190.0,89.47976072750558,0.8649367973919976,0.8985561037533004,0.010665807919655546
5.15519333326231e-06,0.3246213759443294,4.0,190.0,89.76229886850055,0.8703832491240968,0.9248313432768711,0.011138253227435583
6.78483151726597e-08,0.4546176173497277,1.0,192.0,80.13466462035046,0.7448935544132281,0.6870764809183444,0.009793426093831282
3.2361798476161383e-07,0.40623225160109944,2.0,192.0,88.3727887202135,0.8501829467792839,1.2485467642260335,0.016036598896632726
1.3073594815401976e-06,0.34385891857811723,3.0,192.0,89.50204336252759,0.8655645413423088,0.9696861708437168,0.01457811321146945
5.342671752833069e-06,0.3323936358378773,4.0,192.0,89.93692100297851,0.8723879981199971,0.8822635498561919,0.012119149091229917
6.688469144297562e-08,0.4548334218138337,1.0,194.0,81.65678362096364,0.763861617092467,0.6790703614889002,0.007203393661115196
4.0800547472311606e-07,0.40474129301347195,2.0,194.0,88.2629350932598,0.8473315351903166,0.7356864911055964,0.01220622485347536
1.3621712039869574e-06,0.35141970700447644,3.0,194.0,89.32803559550518,0.8635327498141885,0.8217148753018351,0.010872513855271946
5.188921394113923e-06,0.33267584016545193,4.0,194.0,89.89334817267034,0.8717472198835041,0.5076612508200175,0.005721558035886625
4.82132799109172e-08,0.45242901997545926,1.0,196.0,82.32939783719027,0.7730700536676157,1.022673830134885,0.01087221590605287
3.8356307717013977e-07,0.3995219207777344,2.0,196.0,88.48037391348524,0.849331122808632,1.5011556943243414,0.020326066744249752
1.3063387866240835e-06,0.3534647929038659,3.0,196.0,89.65542256075445,0.8671576825986387,1.1891668463236444,0.01657229476484255
5.175929969085307e-06,0.32704722677924625,4.0,196.0,90.52418540192038,0.8799199345426967,0.9046015034652662,0.011758371962177475
5.795777779432344e-08,0.44993910655589553,1.0,198.0,79.46039633789738,0.7311960748837175,1.0543280210630812,0.015384611776024152
3.9485078892992795e-07,0.3961296840876761,2.0,198.0,88.95844631196397,0.8578727077460664,0.9059186284044115,0.01001214821631993
1.136744762992571e-06,0.3528278789107394,3.0,198.0,90.06749771679787,0.8723208594111107,1.4459238380459478,0.01983227225168936
4.828023183334779e-06,0.32844830852057294,4.0,198.0,90.3720349386046,0.8780189339576896,0.8398962110679151,0.009585769276749503
4.8442179556255376e-08,0.45373630011788035,1.0,200.0,78.83168576522421,0.7211550669470232,1.3368789133638328,0.01835407881819831
3.9329478712476906e-07,0.3988753706509689,2.0,200.0,88.82782233910957,0.8560411827016294,1.0353487118786864,0.013859788220078986
1.0270531877911546e-06,0.3599737398650177,3.0,200.0,90.21960092107858,0.8749516141066079,1.1021897791773778,0.014878348664821779
4.928158011692385e-06,0.33517469288769786,4.0,200.0,90.52328748025458,0.8794717763224884,1.0269547603175275,0.014185672765105678
